support,itemsets,length
0.11998446084688384,['WHITE HANGING HEART T-LIGHT HOLDER'],1
0.02486264498584827,['KNITTED UNION FLAG HOT WATER BOTTLE'],1
0.022809256895499196,['RED WOOLLY HOTTIE WHITE HEART.'],1
0.02641656029746379,['HAND WARMER UNION JACK'],1
0.0760863532937455,['ASSORTED COLOUR BIRD ORNAMENT'],1
0.04151173761030024,['HOME BUILDING BLOCK WORD'],1
0.033686664076807815,['LOVE BUILDING BLOCK WORD'],1
0.03118930018314002,['DOORMAT NEW ENGLAND'],1
0.022920250846328875,['FELTCRAFT PRINCESS CHARLOTTE DOLL'],1
0.020811365780564958,"[""POPPY'S PLAYHOUSE KITCHEN""]",1
0.02020089905100172,"[""POPPY'S PLAYHOUSE BEDROOM ""]",1
0.055441478439425054,['JAM MAKING SET WITH JARS'],1
0.062434097341694875,"[""PAPER CHAIN KIT 50'S CHRISTMAS ""]",1
0.05971474554636772,['WOODEN PICTURE FRAME WHITE FINISH'],1
0.05227815084077918,['WOODEN FRAME ANTIQUE WHITE '],1
0.029635384871524503,['WOOD 2 DRAWER CABINET WHITE FINISH'],1
0.021810311338032077,['WOOD S/3 CABINET ANT WHITE FINISH'],1
0.03906987069204728,['RED HANGING HEART T-LIGHT HOLDER'],1
0.034297130806371055,['HOT WATER BOTTLE TEA AND SYMPATHY'],1
0.07725178977745713,['LUNCH BAG RED RETROSPOT'],1
0.06432099450579944,['JUMBO BAG PINK POLKADOT'],1
0.06271158221876907,['JUMBO STORAGE BAG SUKI'],1
0.06265608524335424,['PACK OF 72 RETROSPOT CAKE CASES'],1
0.0505022476275043,['JUMBO  BAG BAROQUE BLACK WHITE'],1
0.04523003496309451,['JUMBO BAG PINK VINTAGE PAISLEY'],1
0.043343137798989954,['PACK OF 60 PINK PAISLEY CAKE CASES'],1
0.04178922248737444,['60 TEATIME FAIRY CAKE CASES'],1
0.03734946445418725,['STRAWBERRY CHARLOTTE BAG'],1
0.0301903546256729,['PACK OF 60 DINOSAUR CAKE CASES'],1
0.02486264498584827,['STRAWBERRY LUNCH BOX WITH CUTLERY'],1
0.023197735723403074,['SET/6 RED SPOTTY PAPER PLATES'],1
0.0203118930018314,['LUNCH BOX WITH CUTLERY RETROSPOT '],1
0.05594095121815861,['JAM MAKING SET PRINTED'],1
0.06287807314501359,['JUMBO SHOPPER VINTAGE RED PAISLEY'],1
0.045119041012264834,['RETROSPOT TEA SET CERAMIC 11 PC '],1
0.04056828902824796,['GIN + TONIC DIET METAL SIGN'],1
0.03823741606082468,['COOK WITH WINE METAL SIGN '],1
0.036572506798379485,['RED TOADSTOOL LED NIGHT LIGHT'],1
0.032188245740607135,['PAPER CHAIN KIT RETROSPOT'],1
0.027193517953271545,['EDWARDIAN PARASOL NATURAL'],1
0.02563960264165603,['DOORMAT FANCY FONT HOME SWEET HOME'],1
0.023863699428381152,"[""YOU'RE CONFUSING ME METAL SIGN ""]",1
0.023364226649647594,['CLEAR DRAWER KNOB ACRYLIC EDWARDIAN'],1
0.022365281092180476,['SKULL SHOULDER BAG'],1
0.048615350463399744,['ALARM CLOCK BAKELIKE GREEN'],1
0.03940285254453632,['RECYCLING BAG RETROSPOT '],1
0.02486264498584827,['TOY TIDY PINK POLKADOT'],1
0.02020089905100172,['VINTAGE SNAKES & LADDERS'],1
0.06765081303068983,['NATURAL SLATE HEART CHALKBOARD '],1
0.06459847938287364,['HEART OF WICKER SMALL'],1
0.050724235529163664,['HEART OF WICKER LARGE'],1
0.036295021921305286,['WOOD BLACK BOARD ANT WHITE FINISH'],1
0.033076197347244575,['COLOUR GLASS T-LIGHT HOLDER HANGING'],1
0.027970475609079306,['CREAM HEART CARD HOLDER'],1
0.02630556634663411,['ENAMEL FLOWER JUG CREAM'],1
0.024196681280870193,['ENAMEL BREAD BIN CREAM'],1
0.033353682224318774,['LUNCH BAG DOLLY GIRL DESIGN'],1
0.023530717575892115,['JUMBO BAG DOLLY GIRL DESIGN'],1
0.10738664742771518,['JUMBO BAG RED RETROSPOT'],1
0.03607303401964593,['CHILLI LIGHTS'],1
0.03263222154392586,['HOMEMADE JAM SCENTED CANDLES'],1
0.046617459348465506,['SET/20 RED RETROSPOT PAPER NAPKINS '],1
0.04439758033187191,['PAPER CHAIN KIT VINTAGE CHRISTMAS'],1
0.03207725178977746,['HANGING HEART ZINC T-LIGHT HOLDER'],1
0.03152228203562906,['RETROSPOT HEART HOT WATER BOTTLE'],1
0.0304678395027471,['SMALL POPCORN HOLDER'],1
0.03013485765025806,['WOODEN BOX OF DOMINOES'],1
0.02497363893667795,['PICNIC BASKET WICKER SMALL'],1
0.024252178256285034,['3 STRIPEY MICE FELTCRAFT'],1
0.021865808313446918,['SET OF 6 SOLDIER SKITTLES'],1
0.021477329485543036,['TRADITIONAL WOODEN SKIPPING ROPE'],1
0.038126422109995006,['CLOTHES PEGS RETROSPOT PACK 24 '],1
0.03707197957711305,['HAND OVER THE CHOCOLATE   SIGN '],1
0.03490759753593429,['HAND WARMER OWL DESIGN'],1
0.02974637882235418,['HAND WARMER SCOTTY DOG DESIGN'],1
0.022698262944669517,['TRAVEL SEWING KIT'],1
0.051612187135801096,['ALARM CLOCK BAKELIKE RED '],1
0.02985737277318386,['HAND WARMER BIRD DESIGN'],1
0.029357899994450303,['SMALL GLASS HEART TRINKET POT'],1
0.029080415117376104,['ALARM CLOCK BAKELIKE IVORY'],1
0.022032299239691435,['ALARM CLOCK BAKELIKE ORANGE'],1
0.02097785670680948,['CHICK GREY HOT WATER BOTTLE'],1
0.04550751984016871,['CHOCOLATE HOT WATER BOTTLE'],1
0.04073477995449248,['SCOTTIE DOG HOT WATER BOTTLE'],1
0.03557356124091237,['STRAWBERRY CERAMIC TRINKET BOX'],1
0.03524057938842333,['HOT WATER BOTTLE I AM SO POORLY'],1
0.026638548199123147,['WHITE SKULL HOT WATER BOTTLE '],1
0.05760586048060381,['LUNCH BAG SPACEBOY DESIGN '],1
0.05582995726732893,['LUNCH BAG PINK POLKADOT'],1
0.0482823686109107,['LUNCH BAG WOODLAND'],1
0.034241633830956214,['BATHROOM METAL SIGN'],1
0.03174426993728842,['GUMBALL COAT RACK'],1
0.02647205727287863,['PHOTO FRAME CORNICE'],1
0.02558410566624119,['LADIES & GENTLEMEN METAL SIGN'],1
0.022809256895499196,['SCANDINAVIAN REDS RIBBONS'],1
0.021921305288861756,['TOILET METAL SIGN'],1
0.020644874854320438,['CANDLEHOLDER PINK HANGING HEART'],1
0.0205893778789056,['METAL SIGN TAKE IT OR LEAVE IT '],1
0.06748432210444531,['LUNCH BAG  BLACK SKULL.'],1
0.05910427881680448,['LUNCH BAG CARS BLUE'],1
0.03518508241300849,['SET OF 3 BUTTERFLY COOKIE CUTTERS'],1
0.03479660358510461,['SET OF 3 HEART COOKIE CUTTERS'],1
0.03346467617514846,['PACK OF 72 SKULL CAKE CASES'],1
0.030800821355236138,['72 SWEETHEART FAIRY CAKE CASES'],1
0.024474166157944392,['PACK OF 60 SPACEBOY CAKE CASES'],1
0.0205893778789056,['HEART IVORY TRELLIS SMALL'],1
0.04528553193850935,['SET/5 RED RETROSPOT LID GLASS BOWLS'],1
0.05560796936566957,['VICTORIAN GLASS HANGING T-LIGHT'],1
0.034574615683445255,['DOORMAT RED RETROSPOT'],1
0.031244797158554858,['DOORMAT HEARTS'],1
0.03068982740440646,['RED  HARMONICA IN BOX '],1
0.029801875797769023,['LOVEBIRD HANGING DECORATION WHITE '],1
0.028469948387812864,['BLUE HARMONICA IN BOX '],1
0.027082524002441866,['PLASTERS IN TIN SKULLS'],1
0.026860536100782508,['SINGLE HEART ZINC T-LIGHT HOLDER'],1
0.024918141961263112,['SET OF 20 KIDS COOKIE CUTTERS'],1
0.023752705477551473,['ROTATING SILVER ANGELS T-LIGHT HLDR'],1
0.022531772018424996,['NATURAL SLATE RECTANGLE CHALKBOARD'],1
0.021810311338032077,['4 TRADITIONAL SPINNING TOPS'],1
0.02070037182973528,['AIRLINE BAG VINTAGE TOKYO 78'],1
0.02053388090349076,['SET OF 72 RETROSPOT PAPER  DOILIES'],1
0.04378711360230867,['JUMBO BAG STRAWBERRY'],1
0.034241633830956214,['JUMBO BAG OWLS'],1
0.02486264498584827,['FELTCRAFT CUSHION OWL'],1
0.021699317387202398,['STRAWBERRY SHOPPER BAG'],1
0.047782895832177145,['REX CASH+CARRY JUMBO SHOPPER'],1
0.047449913979688105,['6 RIBBONS RUSTIC CHARM'],1
0.03890337976580276,['SPACEBOY LUNCH BOX '],1
0.03879238581497308,['DOLLY GIRL LUNCH BOX'],1
0.028025972584494144,['CHRISTMAS CRAFT LITTLE FRIENDS'],1
0.023808202452966314,['CHRISTMAS CRAFT TREE TOP ANGEL'],1
0.023752705477551473,['ROUND SNACK BOXES SET OF4 WOODLAND '],1
0.022642765969254675,['SOLDIERS EGG CUP '],1
0.021921305288861756,['ROUND SNACK BOXES SET OF 4 FRUITS '],1
0.021088850657639158,['SET OF 3 NOTEBOOKS IN PARCEL'],1
0.02042288695266108,['FELTCRAFT CUSHION RABBIT'],1
0.0485598534879849,['VINTAGE SNAP CARDS'],1
0.03224374271602198,['60 CAKE CASES VINTAGE CHRISTMAS'],1
0.03168877296187358,['SET OF 20 VINTAGE CHRISTMAS NAPKINS'],1
0.03057883345357678,['VINTAGE HEADS AND TAILS CARD GAME '],1
0.028691936289472225,['FELTCRAFT 6 FLOWER FRIENDS'],1
0.027415505854930907,['PLASTERS IN TIN SPACEBOY'],1
0.027304511904101228,['PACK OF 12 LONDON TISSUES '],1
0.027138020977856708,['PLASTERS IN TIN VINTAGE PAISLEY '],1
0.026971530051612187,['PLASTERS IN TIN WOODLAND ANIMALS'],1
0.02591708751873023,['CHILDRENS APRON SPACEBOY DESIGN'],1
0.02558410566624119,['FELTCRAFT BUTTERFLY HEARTS'],1
0.022143293190521118,['WICKER STAR '],1
0.0205893778789056,['60 CAKE CASES DOLLY GIRL DESIGN'],1
0.02047838392807592,['FELTCRAFT PRINCESS LOLA DOLL'],1
0.029524390920694824,['GREY HEART HOT WATER BOTTLE'],1
0.021144347633054,['TRADITIONAL WOODEN CATCH CUP GAME '],1
0.022476275043010155,['FAWN BLUE HOT WATER BOTTLE'],1
0.022143293190521118,['RED RETROSPOT OVEN GLOVE '],1
0.028414451412398026,['ZINC METAL HEART DECORATION'],1
0.028247960486153505,['WOODEN HEART CHRISTMAS SCANDINAVIAN'],1
0.023419723625062436,['VINTAGE PAISLEY STATIONERY SET'],1
0.023031244797158554,['PACK OF 12 HEARTS DESIGN TISSUES '],1
0.02131083855929852,['RIBBON REEL STRIPES DESIGN '],1
0.09351240357400521,['REGENCY CAKESTAND 3 TIER'],1
0.02575059659248571,['VINTAGE UNION JACK BUNTING'],1
0.023419723625062436,['CARD BILLBOARD FONT'],1
0.03795993118375048,['JUMBO STORAGE BAG SKULLS'],1
0.023808202452966314,['PICNIC BASKET WICKER LARGE'],1
0.03285420944558522,['PINK CREAM FELT CRAFT TRINKET BOX '],1
0.03235473666685166,['PACK OF 20 NAPKINS PANTRY DESIGN'],1
0.053055108496586935,['ROSES REGENCY TEACUP AND SAUCER '],1
0.05172318108663078,['GREEN REGENCY TEACUP AND SAUCER'],1
0.02008990510017204,['ENAMEL MEASURING JUG CREAM'],1
0.033409179199733616,['IVORY KITCHEN SCALES'],1
0.02619457239580443,['METAL 4 HOOK HANGER FRENCH CHATEAU'],1
0.02514012986292247,['RED KITCHEN SCALES'],1
0.022032299239691435,['WHITE WOOD GARDEN PLANT LADDER'],1
0.023253232698817915,['RED DINER WALL CLOCK'],1
0.021088850657639158,['IVORY DINER WALL CLOCK'],1
0.02519562683833731,['RED RETROSPOT CAKE STAND'],1
0.023697208502136635,['DOORMAT SPOTTY HOME SWEET HOME'],1
0.032188245740607135,['DOORMAT UNION FLAG'],1
0.0205893778789056,['DOORMAT ENGLISH ROSE '],1
0.02014540207558688,['3 HOOK PHOTO SHELF ANTIQUE WHITE'],1
0.04079027692990732,['JUMBO BAG WOODLAND ANIMALS'],1
0.028081469559908985,['JUMBO BAG TOYS '],1
0.05699539375104057,['RECIPE BOX PANTRY YELLOW DESIGN'],1
0.050113768799600424,['RED RETROSPOT CHARLOTTE BAG'],1
0.044619568233531276,['CHARLOTTE BAG SUKI DESIGN'],1
0.039291858593706645,['PAPER BUNTING RETROSPOT'],1
0.03918086464287696,['DOTCOM POSTAGE'],1
0.037793440257505966,['WOODLAND CHARLOTTE BAG'],1
0.03734946445418725,['CHARLOTTE BAG PINK POLKADOT'],1
0.03640601587213497,['ALARM CLOCK BAKELIKE PINK'],1
0.03318719129807426,['HOT BATHS METAL SIGN'],1
0.033020700371829734,['GINGERBREAD MAN COOKIE CUTTER'],1
0.03052333647816194,['BOX OF 24 COCKTAIL PARASOLS'],1
0.02957988789610966,['POTTERING IN THE SHED METAL SIGN'],1
0.028136966535323826,['SUKI  SHOULDER BAG'],1
0.027304511904101228,['PINK BLUE FELT CRAFT TRINKET BOX'],1
0.02658305122370831,['SWEETHEART CERAMIC TRINKET BOX'],1
0.02547311171541151,['SET OF 72 PINK HEART PAPER DOILIES'],1
0.02514012986292247,['PINK FAIRY CAKE CHILDRENS APRON'],1
0.02486264498584827,['SMALL HEART MEASURING SPOONS'],1
0.023364226649647594,['BEWARE OF THE CAT METAL SIGN '],1
0.022642765969254675,['FLORAL FOLK STATIONERY SET'],1
0.021865808313446918,['PACK OF 12 TRADITIONAL CRAYONS'],1
0.021754814362617236,['VINTAGE CREAM DOG FOOD CONTAINER'],1
0.021532826460957877,['PLASTERS IN TIN STRONGMAN'],1
0.02131083855929852,['SET OF 6 RIBBONS VINTAGE CHRISTMAS'],1
0.021088850657639158,['RED RETROSPOT BOWL'],1
0.020811365780564958,"['SET 3 RETROSPOT TEA,COFFEE,SUGAR']",1
0.02036738997724624,['TRADITIONAL MODELLING CLAY'],1
0.03607303401964593,['LUNCH BOX I LOVE LONDON'],1
0.022642765969254675,['RECIPE BOX RETROSPOT '],1
0.021088850657639158,['FOUR HOOK  WHITE LOVEBIRDS'],1
0.04523003496309451,['PLEASE ONE PERSON METAL SIGN'],1
0.021366335534713357,['RED STRIPE CERAMIC DRAWER KNOB'],1
0.02658305122370831,['WOODEN STAR CHRISTMAS SCANDINAVIAN'],1
0.021088850657639158,['ALARM CLOCK BAKELIKE CHOCOLATE'],1
0.02941339696986514,['RED RETROSPOT SHOPPER BAG'],1
0.02497363893667795,['TEA TIME PARTY BUNTING'],1
0.02469615405960375,['CHOCOLATE THIS WAY METAL SIGN'],1
0.023974693379210835,['PAPER CHAIN KIT EMPIRE'],1
0.023697208502136635,['AREA PATROLLED METAL SIGN'],1
0.022254287141350797,['WOODEN UNION JACK BUNTING'],1
0.021643820411787557,['DOORMAT WELCOME TO OUR HOME'],1
0.021532826460957877,['WOODEN SCHOOL COLOURING SET'],1
0.022254287141350797,['BAKING SET SPACEBOY DESIGN'],1
0.02514012986292247,['PARTY METAL SIGN '],1
0.023308729674232753,['MEMO BOARD RETROSPOT  DESIGN'],1
0.023530717575892115,['SPACEBOY BIRTHDAY CARD'],1
0.026805039125367667,['WORLD WAR 2 GLIDERS ASSTD DESIGNS'],1
0.02036738997724624,['PLASTERS IN TIN CIRCUS PARADE '],1
0.021366335534713357,['BLUE STRIPE CERAMIC DRAWER KNOB'],1
0.023641711526721794,['SET/3 RED GINGHAM ROSE STORAGE BOX'],1
0.034519118708030413,['JUMBO BAG SPACEBOY DESIGN'],1
0.02547311171541151,['RED RETROSPOT PEG BAG'],1
0.027471002830345745,['ASSORTED COLOURS SILK FAN'],1
0.02047838392807592,"['KEY FOB , SHED']",1
0.027360008879516066,['CREAM SWEETHEART MINI CHEST'],1
0.03174426993728842,['TRADITIONAL KNITTING NANCY'],1
0.08840668183583995,['PARTY BUNTING'],1
0.02563960264165603,['NATURAL SLATE CHALKBOARD LARGE '],1
0.026694045174537988,['NO SINGING METAL SIGN'],1
0.02497363893667795,['RED RETROSPOT PICNIC BAG'],1
0.023197735723403074,['SCANDINAVIAN PAISLEY PICNIC BAG'],1
0.021144347633054,['PINK VINTAGE PAISLEY PICNIC BAG'],1
0.023752705477551473,['ZINC FOLKART SLEIGH BELLS'],1
0.03829291303623952,['HANGING HEART JAR T-LIGHT HOLDER'],1
0.023863699428381152,['SMALL MARSHMALLOWS PINK BOWL'],1
0.028303457461568343,['SMALL DOLLY MIX DESIGN ORANGE BOWL'],1
0.038958876741217605,['PINK REGENCY TEACUP AND SAUCER'],1
0.06887174648981631,['SET OF 3 CAKE TINS PANTRY DESIGN '],1
0.042732671069426714,['SET OF 6 SPICE TINS PANTRY DESIGN'],1
0.04378711360230867,['BAKING SET 9 PIECE RETROSPOT '],1
0.021366335534713357,['GINGHAM HEART DECORATION'],1
0.05549697541483989,['SET OF 4 PANTRY JELLY MOULDS'],1
0.02913591209279094,['TRAVEL CARD WALLET KEEP CALM'],1
0.022420778067595317,['TRAVEL CARD WALLET VINTAGE TICKET'],1
0.05666241189855153,['LUNCH BAG SUKI DESIGN '],1
0.03524057938842333,['JUMBO BAG SCANDINAVIAN BLUE PAISLEY'],1
0.023752705477551473,['TOILET SIGN OCCUPIED OR VACANT'],1
0.037515955380431766,['ANTIQUE SILVER T-LIGHT GLASS'],1
0.0507797325045785,['LUNCH BAG APPLE DESIGN'],1
0.0491148232421333,['JUMBO BAG APPLES'],1
0.04706143515178423,['JUMBO BAG ALPHABET'],1
0.03818191908540985,['LUNCH BAG ALPHABET DESIGN'],1
0.027471002830345745,['CHARLOTTE BAG APPLES DESIGN'],1
0.022531772018424996,['CHARLOTTE BAG VINTAGE ALPHABET '],1
0.034574615683445255,['LUNCH BAG VINTAGE LEAF DESIGN'],1
0.038625894888728564,['DOORMAT KEEP CALM AND COME IN'],1
0.057716854431433484,['SPOTTY BUNTING'],1
0.04528553193850935,['JUMBO BAG VINTAGE LEAF'],1
0.03041234252733226,['JUMBO BAG PEARS'],1
0.02619457239580443,['JUMBO BAG DOILEY PATTERNS'],1
0.02441866918252955,['LUNCH BAG DOILEY PATTERN '],1
0.021144347633054,['REGENCY TEA PLATE ROSES '],1
0.04622898052056163,['RABBIT NIGHT LIGHT'],1
0.049836283922526224,['GARDENERS KNEELING PAD KEEP CALM '],1
0.041622731561129916,['GARDENERS KNEELING PAD CUP OF TEA '],1
0.023641711526721794,['SET OF 3 WOODEN HEART DECORATIONS'],1
0.02075586880515012,['SET OF 60 I LOVE LONDON CAKE CASES '],1
0.03024585160108774,['SET OF 60 PANTRY DESIGN CAKE CASES '],1
0.021976802264276597,['SET OF TEA COFFEE SUGAR TINS PANTRY'],1
0.04029080415117376,['SET OF 3 REGENCY CAKE TINS'],1
0.034019645929296856,['SMALL WHITE HEART OF WICKER'],1
0.0414562406348854,['POPCORN HOLDER'],1
0.03063433042899162,['LARGE WHITE HEART OF WICKER'],1
0.025362117764581832,['JUMBO BAG VINTAGE CHRISTMAS '],1
0.03729396747877241,"[""JUMBO BAG 50'S CHRISTMAS ""]",1
0.022809256895499196,['PANTRY MAGNETIC  SHOPPING LIST'],1
0.021477329485543036,['VINTAGE CHRISTMAS BUNTING'],1
0.02619457239580443,['SET OF 12 FAIRY CAKE BAKING CASES'],1
0.02131083855929852,['SET OF 12 MINI LOAF BAKING CASES'],1
0.0200344081247572,"[""BOX OF 6 MINI 50'S CRACKERS""]",1
0.03635051889672013,['JUMBO BAG VINTAGE DOILY '],1
0.03024585160108774,['LUNCH BAG VINTAGE DOILY '],1
0.021366335534713357,['SET 6 SCHOOL MILK BOTTLES IN CRATE'],1
0.02525112381375215,['LOVE HOT WATER BOTTLE'],1
0.041900216438204116,['HOT WATER BOTTLE KEEP CALM'],1
0.0214218325101282,['HAND WARMER RED LOVE HEART'],1
0.020811365780564958,['VINTAGE DOILY TRAVEL SEWING KIT'],1
0.023308729674232753,"['JAM MAKING SET WITH JARS', 'JAM MAKING SET PRINTED']",2
0.022420778067595317,"['WOODEN PICTURE FRAME WHITE FINISH', 'WHITE HANGING HEART T-LIGHT HOLDER']",2
0.029302403019035462,"['WOODEN FRAME ANTIQUE WHITE ', 'WOODEN PICTURE FRAME WHITE FINISH']",2
0.02597258449414507,"['RED HANGING HEART T-LIGHT HOLDER', 'WHITE HANGING HEART T-LIGHT HOLDER']",2
0.029468893945279982,"['LUNCH BAG RED RETROSPOT', 'JUMBO BAG RED RETROSPOT']",2
0.04356512570064931,"['JUMBO BAG RED RETROSPOT', 'JUMBO BAG PINK POLKADOT']",2
0.028025972584494144,"['JUMBO STORAGE BAG SUKI', 'JUMBO BAG PINK POLKADOT']",2
0.038736888839558246,"['JUMBO BAG RED RETROSPOT', 'JUMBO STORAGE BAG SUKI']",2
0.028469948387812864,"['JUMBO STORAGE BAG SUKI', 'JUMBO SHOPPER VINTAGE RED PAISLEY']",2
0.022476275043010155,"['JUMBO BAG RED RETROSPOT', 'JUMBO STORAGE BAG SUKI', 'JUMBO BAG PINK POLKADOT']",3
0.02131083855929852,"['JUMBO BAG RED RETROSPOT', 'JUMBO STORAGE BAG SUKI', 'JUMBO SHOPPER VINTAGE RED PAISLEY']",3
0.023253232698817915,"['JUMBO STORAGE BAG SUKI', 'JUMBO  BAG BAROQUE BLACK WHITE']",2
0.022587268993839837,"['JUMBO BAG PINK POLKADOT', 'JUMBO  BAG BAROQUE BLACK WHITE']",2
0.031633275986458737,"['JUMBO BAG RED RETROSPOT', 'JUMBO  BAG BAROQUE BLACK WHITE']",2
0.022975747821743716,"['JUMBO  BAG BAROQUE BLACK WHITE', 'JUMBO SHOPPER VINTAGE RED PAISLEY']",2
0.02020089905100172,"['JUMBO BAG PINK POLKADOT', 'JUMBO BAG PINK VINTAGE PAISLEY']",2
0.027082524002441866,"['JUMBO BAG RED RETROSPOT', 'JUMBO BAG PINK VINTAGE PAISLEY']",2
0.022254287141350797,"['JUMBO BAG PINK VINTAGE PAISLEY', 'JUMBO SHOPPER VINTAGE RED PAISLEY']",2
0.02103335368222432,"['PACK OF 60 PINK PAISLEY CAKE CASES', 'PACK OF 72 RETROSPOT CAKE CASES']",2
0.022698262944669517,"['60 TEATIME FAIRY CAKE CASES', 'PACK OF 72 RETROSPOT CAKE CASES']",2
0.02541761473999667,"['STRAWBERRY CHARLOTTE BAG', 'RED RETROSPOT CHARLOTTE BAG']",2
0.021810311338032077,"['STRAWBERRY CHARLOTTE BAG', 'CHARLOTTE BAG SUKI DESIGN']",2
0.02075586880515012,"['WOODLAND CHARLOTTE BAG', 'STRAWBERRY CHARLOTTE BAG']",2
0.03646151284754981,"['JUMBO BAG RED RETROSPOT', 'JUMBO SHOPPER VINTAGE RED PAISLEY']",2
0.02519562683833731,"['JUMBO BAG PINK POLKADOT', 'JUMBO SHOPPER VINTAGE RED PAISLEY']",2
0.0203118930018314,"['JUMBO BAG RED RETROSPOT', 'JUMBO BAG PINK POLKADOT', 'JUMBO SHOPPER VINTAGE RED PAISLEY']",3
0.031244797158554858,"['ALARM CLOCK BAKELIKE RED ', 'ALARM CLOCK BAKELIKE GREEN']",2
0.022309784116765638,"['JUMBO BAG RED RETROSPOT', 'RECYCLING BAG RETROSPOT ']",2
0.022753759920084354,"['NATURAL SLATE HEART CHALKBOARD ', 'WHITE HANGING HEART T-LIGHT HOLDER']",2
0.020811365780564958,"['WHITE HANGING HEART T-LIGHT HOLDER', 'HEART OF WICKER SMALL']",2
0.026805039125367667,"['HEART OF WICKER LARGE', 'HEART OF WICKER SMALL']",2
0.024196681280870193,"['JUMBO BAG RED RETROSPOT', 'WHITE HANGING HEART T-LIGHT HOLDER']",2
0.02985737277318386,"['PAPER CHAIN KIT VINTAGE CHRISTMAS', ""PAPER CHAIN KIT 50'S CHRISTMAS ""]",2
0.02103335368222432,"['CHOCOLATE HOT WATER BOTTLE', 'HOT WATER BOTTLE I AM SO POORLY']",2
0.027803984682834786,"['LUNCH BAG SPACEBOY DESIGN ', 'LUNCH BAG RED RETROSPOT']",2
0.026805039125367667,"['LUNCH BAG SPACEBOY DESIGN ', 'LUNCH BAG  BLACK SKULL.']",2
0.02519562683833731,"['LUNCH BAG SPACEBOY DESIGN ', 'LUNCH BAG CARS BLUE']",2
0.0307453243798213,"['LUNCH BAG RED RETROSPOT', 'LUNCH BAG PINK POLKADOT']",2
0.021865808313446918,"['LUNCH BAG SPACEBOY DESIGN ', 'LUNCH BAG PINK POLKADOT']",2
0.028969421166546425,"['LUNCH BAG  BLACK SKULL.', 'LUNCH BAG PINK POLKADOT']",2
0.026083578444974748,"['LUNCH BAG CARS BLUE', 'LUNCH BAG PINK POLKADOT']",2
0.021643820411787557,"['LUNCH BAG SUKI DESIGN ', 'LUNCH BAG PINK POLKADOT']",2
0.02530662078916699,"['LUNCH BAG RED RETROSPOT', 'LUNCH BAG WOODLAND']",2
0.023253232698817915,"['LUNCH BAG SPACEBOY DESIGN ', 'LUNCH BAG WOODLAND']",2
0.02020089905100172,"['LUNCH BAG WOODLAND', 'LUNCH BAG PINK POLKADOT']",2
0.023364226649647594,"['LUNCH BAG WOODLAND', 'LUNCH BAG  BLACK SKULL.']",2
0.022476275043010155,"['LUNCH BAG CARS BLUE', 'LUNCH BAG WOODLAND']",2
0.033686664076807815,"['LUNCH BAG RED RETROSPOT', 'LUNCH BAG  BLACK SKULL.']",2
0.02025639602641656,"['JUMBO BAG RED RETROSPOT', 'LUNCH BAG  BLACK SKULL.']",2
0.027914978633664465,"['LUNCH BAG CARS BLUE', 'LUNCH BAG  BLACK SKULL.']",2
0.028247960486153505,"['LUNCH BAG CARS BLUE', 'LUNCH BAG RED RETROSPOT']",2
0.028636439314057384,"['JUMBO BAG RED RETROSPOT', 'JUMBO BAG STRAWBERRY']",2
0.02053388090349076,"['JUMBO BAG RED RETROSPOT', 'JUMBO BAG OWLS']",2
0.023641711526721794,"['SPACEBOY LUNCH BOX ', 'DOLLY GIRL LUNCH BOX']",2
0.022476275043010155,"['JUMBO BAG RED RETROSPOT', 'JUMBO STORAGE BAG SKULLS']",2
0.02025639602641656,"['JUMBO STORAGE BAG SKULLS', 'JUMBO STORAGE BAG SUKI']",2
0.02519562683833731,"['ROSES REGENCY TEACUP AND SAUCER ', 'REGENCY CAKESTAND 3 TIER']",2
0.03884788279038792,"['ROSES REGENCY TEACUP AND SAUCER ', 'GREEN REGENCY TEACUP AND SAUCER']",2
0.02519562683833731,"['GREEN REGENCY TEACUP AND SAUCER', 'REGENCY CAKESTAND 3 TIER']",2
0.02630556634663411,"['JUMBO BAG WOODLAND ANIMALS', 'JUMBO BAG RED RETROSPOT']",2
0.023586214551306953,"['JUMBO BAG WOODLAND ANIMALS', 'JUMBO STORAGE BAG SUKI']",2
0.022032299239691435,"['JUMBO BAG WOODLAND ANIMALS', 'JUMBO BAG PINK POLKADOT']",2
0.02075586880515012,"['JUMBO BAG WOODLAND ANIMALS', 'JUMBO SHOPPER VINTAGE RED PAISLEY']",2
0.0205893778789056,"['RECIPE BOX PANTRY YELLOW DESIGN', 'SET OF 3 CAKE TINS PANTRY DESIGN ']",2
0.021366335534713357,"['JUMBO BAG RED RETROSPOT', 'RED RETROSPOT CHARLOTTE BAG']",2
0.0200344081247572,"['LUNCH BAG RED RETROSPOT', 'RED RETROSPOT CHARLOTTE BAG']",2
0.026361063322048947,"['CHARLOTTE BAG SUKI DESIGN', 'RED RETROSPOT CHARLOTTE BAG']",2
0.026916033076197346,"['JUMBO BAG RED RETROSPOT', 'DOTCOM POSTAGE']",2
0.021921305288861756,"['DOTCOM POSTAGE', 'JUMBO STORAGE BAG SUKI']",2
0.02014540207558688,"['DOTCOM POSTAGE', 'JUMBO SHOPPER VINTAGE RED PAISLEY']",2
0.0200344081247572,"['JUMBO BAG WOODLAND ANIMALS', 'DOTCOM POSTAGE']",2
0.023863699428381152,"['WOODLAND CHARLOTTE BAG', 'RED RETROSPOT CHARLOTTE BAG']",2
0.022920250846328875,"['WOODLAND CHARLOTTE BAG', 'CHARLOTTE BAG SUKI DESIGN']",2
0.02658305122370831,"['CHARLOTTE BAG PINK POLKADOT', 'RED RETROSPOT CHARLOTTE BAG']",2
0.02131083855929852,"['CHARLOTTE BAG PINK POLKADOT', 'CHARLOTTE BAG SUKI DESIGN']",2
0.02008990510017204,"['STRAWBERRY CHARLOTTE BAG', 'CHARLOTTE BAG PINK POLKADOT']",2
0.021810311338032077,"['ALARM CLOCK BAKELIKE RED ', 'ALARM CLOCK BAKELIKE PINK']",2
0.02042288695266108,"['WOODEN STAR CHRISTMAS SCANDINAVIAN', 'WOODEN HEART CHRISTMAS SCANDINAVIAN']",2
0.021643820411787557,"['JUMBO BAG RED RETROSPOT', 'JUMBO BAG SPACEBOY DESIGN']",2
0.02097785670680948,"['PARTY BUNTING', 'WHITE HANGING HEART T-LIGHT HOLDER']",2
0.02020089905100172,"['PARTY BUNTING', 'REGENCY CAKESTAND 3 TIER']",2
0.03196625783894778,"['PINK REGENCY TEACUP AND SAUCER', 'GREEN REGENCY TEACUP AND SAUCER']",2
0.03024585160108774,"['ROSES REGENCY TEACUP AND SAUCER ', 'PINK REGENCY TEACUP AND SAUCER']",2
0.027304511904101228,"['ROSES REGENCY TEACUP AND SAUCER ', 'PINK REGENCY TEACUP AND SAUCER', 'GREEN REGENCY TEACUP AND SAUCER']",3
0.021255341583883678,"['SET OF 3 CAKE TINS PANTRY DESIGN ', 'SET OF 6 SPICE TINS PANTRY DESIGN']",2
0.028636439314057384,"['LUNCH BAG SUKI DESIGN ', 'LUNCH BAG RED RETROSPOT']",2
0.024640657084188913,"['LUNCH BAG CARS BLUE', 'LUNCH BAG SUKI DESIGN ']",2
0.023586214551306953,"['LUNCH BAG SPACEBOY DESIGN ', 'LUNCH BAG SUKI DESIGN ']",2
0.027692990732005106,"['LUNCH BAG SUKI DESIGN ', 'LUNCH BAG  BLACK SKULL.']",2
0.023752705477551473,"['JUMBO BAG RED RETROSPOT', 'JUMBO BAG SCANDINAVIAN BLUE PAISLEY']",2
0.023919196403795993,"['LUNCH BAG RED RETROSPOT', 'LUNCH BAG APPLE DESIGN']",2
0.023197735723403074,"['LUNCH BAG SUKI DESIGN ', 'LUNCH BAG APPLE DESIGN']",2
0.022032299239691435,"['LUNCH BAG  BLACK SKULL.', 'LUNCH BAG APPLE DESIGN']",2
0.0200344081247572,"['JUMBO BAG APPLES', 'JUMBO STORAGE BAG SUKI']",2
0.028192463510738664,"['JUMBO BAG APPLES', 'JUMBO BAG RED RETROSPOT']",2
0.02036738997724624,"['JUMBO BAG APPLES', 'JUMBO BAG ALPHABET']",2
0.022032299239691435,"['JUMBO BAG RED RETROSPOT', 'JUMBO BAG ALPHABET']",2
0.025084632887507632,"['PARTY BUNTING', 'SPOTTY BUNTING']",2
0.022420778067595317,"['JUMBO BAG RED RETROSPOT', 'JUMBO BAG VINTAGE LEAF']",2
0.020644874854320438,"['JUMBO BAG APPLES', 'JUMBO BAG PEARS']",2
0.03002386369942838,"['GARDENERS KNEELING PAD CUP OF TEA ', 'GARDENERS KNEELING PAD KEEP CALM ']",2
