antecedents,consequents,antecedent support,consequent support,support,confidence,lift,representativity,leverage,conviction,zhangs_metric,jaccard,certainty,kulczynski
['WOODEN HEART CHRISTMAS SCANDINAVIAN'],['WOODEN STAR CHRISTMAS SCANDINAVIAN'],0.028247960486153505,0.02658305122370831,0.02042288695266108,0.7229862475442043,27.197263454068928,1.0,0.019671969972092373,3.5139661484193785,0.9912318737119162,0.5935483870967743,0.7154212767673328,0.7456267354631251
['WOODEN STAR CHRISTMAS SCANDINAVIAN'],['WOODEN HEART CHRISTMAS SCANDINAVIAN'],0.02658305122370831,0.028247960486153505,0.02042288695266108,0.7682672233820459,27.197263454068928,1.0,0.019671969972092373,4.193416458802995,0.9895364942243816,0.5935483870967743,0.7615309593444366,0.7456267354631251
"['ROSES REGENCY TEACUP AND SAUCER ', 'GREEN REGENCY TEACUP AND SAUCER']",['PINK REGENCY TEACUP AND SAUCER'],0.03884788279038792,0.038958876741217605,0.027304511904101228,0.702857142857143,18.041001221001224,1.0,0.025791042026813236,3.2342730109670574,0.982748398417641,0.5406593406593407,0.6908115064470093,0.7018559218559219
['PINK REGENCY TEACUP AND SAUCER'],"['ROSES REGENCY TEACUP AND SAUCER ', 'GREEN REGENCY TEACUP AND SAUCER']",0.038958876741217605,0.03884788279038792,0.027304511904101228,0.7008547008547009,18.041001221001224,1.0,0.025791042026813236,3.212994220386418,0.9828618994164764,0.5406593406593407,0.6887638347884322,0.7018559218559219
['GREEN REGENCY TEACUP AND SAUCER'],"['ROSES REGENCY TEACUP AND SAUCER ', 'PINK REGENCY TEACUP AND SAUCER']",0.05172318108663078,0.03024585160108774,0.027304511904101228,0.5278969957081545,17.453533881954563,1.0,0.025740100244618806,2.0541156052449687,0.9941242831401803,0.4994923857868021,0.5131724828697056,0.7153246446430681
"['ROSES REGENCY TEACUP AND SAUCER ', 'PINK REGENCY TEACUP AND SAUCER']",['GREEN REGENCY TEACUP AND SAUCER'],0.03024585160108774,0.05172318108663078,0.027304511904101228,0.9027522935779817,17.453533881954563,1.0,0.025740100244618806,9.751148420901632,0.9721072236474912,0.4994923857868021,0.8974479767063647,0.7153246446430681
"['PINK REGENCY TEACUP AND SAUCER', 'GREEN REGENCY TEACUP AND SAUCER']",['ROSES REGENCY TEACUP AND SAUCER '],0.03196625783894778,0.053055108496586935,0.027304511904101228,0.8541666666666667,16.099612099023712,1.0,0.02560853862622598,6.49333639888055,0.9688574492807934,0.4730769230769231,0.8459959659301804,0.684405509065551
['ROSES REGENCY TEACUP AND SAUCER '],"['PINK REGENCY TEACUP AND SAUCER', 'GREEN REGENCY TEACUP AND SAUCER']",0.053055108496586935,0.03196625783894778,0.027304511904101228,0.5146443514644352,16.099612099023712,1.0,0.02560853862622598,1.994483313590444,0.9904343015767963,0.4730769230769231,0.4986170136466008,0.684405509065551
['GREEN REGENCY TEACUP AND SAUCER'],['PINK REGENCY TEACUP AND SAUCER'],0.05172318108663078,0.038958876741217605,0.03196625783894778,0.6180257510729613,15.86354132276879,1.0,0.02995118080233005,2.515984064261756,0.9880684145841868,0.5444234404536862,0.6025412027824502,0.7192692857928908
['PINK REGENCY TEACUP AND SAUCER'],['GREEN REGENCY TEACUP AND SAUCER'],0.038958876741217605,0.05172318108663078,0.03196625783894778,0.8205128205128205,15.86354132276879,1.0,0.02995118080233005,5.283256562517342,0.9749451406132701,0.5444234404536862,0.8107228017101019,0.7192692857928908
['DOLLY GIRL LUNCH BOX'],['SPACEBOY LUNCH BOX '],0.03879238581497308,0.03890337976580276,0.023641711526721794,0.609442060085837,15.665529929652921,1.0,0.022132556609340357,2.460829807852396,0.9739473213414438,0.4373716632443532,0.5936330107799225,0.6085726705564706
['SPACEBOY LUNCH BOX '],['DOLLY GIRL LUNCH BOX'],0.03890337976580276,0.03879238581497308,0.023641711526721794,0.6077032810271041,15.66552992965292,1.0,0.022132556609340357,2.450205591068014,0.9740597993783232,0.4373716632443532,0.5918709827267545,0.6085726705564706
['STRAWBERRY CHARLOTTE BAG'],['WOODLAND CHARLOTTE BAG'],0.03734946445418725,0.037793440257505966,0.02075586880515012,0.5557206537890045,14.704156329844452,1.0,0.01934430405165095,2.1657692799555135,0.9681519757363654,0.3816326530612245,0.538270299955247,0.5524565089796711
['WOODLAND CHARLOTTE BAG'],['STRAWBERRY CHARLOTTE BAG'],0.037793440257505966,0.03734946445418725,0.02075586880515012,0.5491923641703378,14.704156329844452,1.0,0.01934430405165095,2.1353909273833827,0.9685986948392544,0.3816326530612245,0.531701672430838,0.5524565089796711
['PINK REGENCY TEACUP AND SAUCER'],['ROSES REGENCY TEACUP AND SAUCER '],0.038958876741217605,0.053055108496586935,0.03024585160108774,0.7763532763532763,14.63295992323189,1.0,0.028178884168677282,4.234110279206344,0.969428990868071,0.4896675651392632,0.7638228732702155,0.6732184791808222
['ROSES REGENCY TEACUP AND SAUCER '],['PINK REGENCY TEACUP AND SAUCER'],0.053055108496586935,0.038958876741217605,0.03024585160108774,0.5700836820083682,14.63295992323189,1.0,0.028178884168677282,2.2354143888939078,0.983859921166406,0.4896675651392632,0.5526556485597267,0.6732184791808222
['GARDENERS KNEELING PAD CUP OF TEA '],['GARDENERS KNEELING PAD KEEP CALM '],0.041622731561129916,0.049836283922526224,0.03002386369942838,0.7213333333333334,14.474059391239793,1.0,0.027949541431716816,3.409678406976581,0.9713407365393246,0.4887082204155374,0.7067172088857738,0.6618916109873794
['GARDENERS KNEELING PAD KEEP CALM '],['GARDENERS KNEELING PAD CUP OF TEA '],0.049836283922526224,0.041622731561129916,0.03002386369942838,0.6024498886414253,14.474059391239791,1.0,0.027949541431716816,2.4107080869974937,0.9797373505810173,0.4887082204155374,0.5851841185609962,0.6618916109873794
['STRAWBERRY CHARLOTTE BAG'],['CHARLOTTE BAG PINK POLKADOT'],0.03734946445418725,0.03734946445418725,0.02008990510017204,0.537890044576523,14.40154637923383,1.0,0.01869492260515744,2.083163377563768,0.9666675266417083,0.3678861788617886,0.5199608389959857,0.537890044576523
['CHARLOTTE BAG PINK POLKADOT'],['STRAWBERRY CHARLOTTE BAG'],0.03734946445418725,0.03734946445418725,0.02008990510017204,0.537890044576523,14.40154637923383,1.0,0.01869492260515744,2.083163377563768,0.9666675266417083,0.3678861788617886,0.5199608389959857,0.537890044576523
['CHARLOTTE BAG PINK POLKADOT'],['RED RETROSPOT CHARLOTTE BAG'],0.03734946445418725,0.050113768799600424,0.02658305122370831,0.711738484398217,14.202453765638396,1.0,0.024711328797262275,3.295223884525098,0.9656563803823783,0.4366453965360073,0.6965304831953418,0.6210962632400829
['RED RETROSPOT CHARLOTTE BAG'],['CHARLOTTE BAG PINK POLKADOT'],0.050113768799600424,0.03734946445418725,0.02658305122370831,0.530454042081949,14.202453765638394,1.0,0.024711328797262275,2.050173192447804,0.9786325995625574,0.4366453965360073,0.5122363302360567,0.6210962632400829
['GREEN REGENCY TEACUP AND SAUCER'],['ROSES REGENCY TEACUP AND SAUCER '],0.05172318108663078,0.053055108496586935,0.03884788279038792,0.7510729613733905,14.156468296011637,1.0,0.03610370380604811,3.8041062020740557,0.9800523371987058,0.5892255892255891,0.7371261613425028,0.741645267297574
['ROSES REGENCY TEACUP AND SAUCER '],['GREEN REGENCY TEACUP AND SAUCER'],0.053055108496586935,0.05172318108663078,0.03884788279038792,0.7322175732217573,14.156468296011635,1.0,0.03610370380604811,3.541221245629613,0.981430831958875,0.5892255892255891,0.7176115439739478,0.741645267297574
['JUMBO BAG PEARS'],['JUMBO BAG APPLES'],0.03041234252733226,0.0491148232421333,0.020644874854320438,0.6788321167883211,13.821328714586167,1.0,0.0191511780267113,2.9607106639960845,0.9567449099983198,0.350612629594722,0.6622432539050285,0.5495855499195843
['JUMBO BAG APPLES'],['JUMBO BAG PEARS'],0.0491148232421333,0.03041234252733226,0.020644874854320438,0.42033898305084744,13.821328714586167,1.0,0.0191511780267113,1.6726804617218538,0.9755626428493431,0.350612629594722,0.4021571825077683,0.5495855499195843
['WOODLAND CHARLOTTE BAG'],['CHARLOTTE BAG SUKI DESIGN'],0.037793440257505966,0.044619568233531276,0.022920250846328875,0.6064610866372981,13.591818806116262,1.0,0.0212339238599792,2.427664455346885,0.962814397799959,0.38526119402985065,0.5880814591993886,0.5600713393385495
['CHARLOTTE BAG SUKI DESIGN'],['WOODLAND CHARLOTTE BAG'],0.044619568233531276,0.037793440257505966,0.022920250846328875,0.5136815920398009,13.59181880611626,1.0,0.0212339238599792,1.9785526190101408,0.9696936409558926,0.38526119402985065,0.49458003270072515,0.5600713393385495
['STRAWBERRY CHARLOTTE BAG'],['RED RETROSPOT CHARLOTTE BAG'],0.03734946445418725,0.050113768799600424,0.02541761473999667,0.6805349182763744,13.579799216414163,1.0,0.023545892313550636,2.9733648074319476,0.9623026991864024,0.4096601073345259,0.6636806901391674,0.5938665732024175
['RED RETROSPOT CHARLOTTE BAG'],['STRAWBERRY CHARLOTTE BAG'],0.050113768799600424,0.03734946445418725,0.02541761473999667,0.5071982281284606,13.579799216414163,1.0,0.023545892313550636,1.9534234462873454,0.9752338525407418,0.4096601073345259,0.48807822395057837,0.5938665732024175
['CHOCOLATE HOT WATER BOTTLE'],['HOT WATER BOTTLE I AM SO POORLY'],0.04550751984016871,0.03524057938842333,0.02103335368222432,0.46219512195121953,13.115423468407913,1.0,0.019429642316526604,1.793883729935358,0.967795881855437,0.3522304832713755,0.44255027050385554,0.5295227578260034
['HOT WATER BOTTLE I AM SO POORLY'],['CHOCOLATE HOT WATER BOTTLE'],0.03524057938842333,0.04550751984016871,0.02103335368222432,0.5968503937007874,13.115423468407913,1.0,0.019429642316526604,2.3675887691464568,0.9574966274753601,0.3522304832713755,0.5776293531074184,0.5295227578260034
['CHARLOTTE BAG SUKI DESIGN'],['STRAWBERRY CHARLOTTE BAG'],0.044619568233531276,0.03734946445418725,0.021810311338032077,0.4888059701492537,13.087362223060033,1.0,0.020143794360332617,1.8831411936224658,0.9667252728736035,0.3625461254612546,0.4689723726576388,0.5363792109290102
['STRAWBERRY CHARLOTTE BAG'],['CHARLOTTE BAG SUKI DESIGN'],0.03734946445418725,0.044619568233531276,0.021810311338032077,0.5839524517087666,13.087362223060031,1.0,0.020143794360332617,2.296325109210119,0.9594243959713528,0.3625461254612546,0.5645215932233671,0.5363792109290102
['CHARLOTTE BAG SUKI DESIGN'],['CHARLOTTE BAG PINK POLKADOT'],0.044619568233531276,0.03734946445418725,0.02131083855929852,0.47761194029850745,12.787651637799117,1.0,0.01964432158159906,1.8427881680448417,0.9648507841998258,0.35132662397072284,0.4573440304530616,0.5240957175489566
['CHARLOTTE BAG PINK POLKADOT'],['CHARLOTTE BAG SUKI DESIGN'],0.03734946445418725,0.044619568233531276,0.02131083855929852,0.5705794947994056,12.787651637799115,1.0,0.01964432158159906,2.2248132545980392,0.9575640637610976,0.35132662397072284,0.5505240730055468,0.5240957175489566
['WOODLAND CHARLOTTE BAG'],['RED RETROSPOT CHARLOTTE BAG'],0.037793440257505966,0.050113768799600424,0.023863699428381152,0.631424375917768,12.599818194531851,1.0,0.021969727701174988,2.577181368316622,0.956794324604914,0.3726169844020797,0.6119791907958788,0.5538074260541221
['RED RETROSPOT CHARLOTTE BAG'],['WOODLAND CHARLOTTE BAG'],0.050113768799600424,0.037793440257505966,0.023863699428381152,0.47619047619047616,12.599818194531851,1.0,0.021969727701174988,1.836939795872034,0.9692042533302174,0.3726169844020797,0.45561634504995907,0.5538074260541221
['JUMBO BAG WOODLAND ANIMALS'],['DOTCOM POSTAGE'],0.04079027692990732,0.03918086464287696,0.0200344081247572,0.49115646258503404,12.535620820566187,1.0,0.018436209805621037,1.8882408141376614,0.9593598806575631,0.33425925925925926,0.47040653262402404,0.5012439536721204
['DOTCOM POSTAGE'],['JUMBO BAG WOODLAND ANIMALS'],0.03918086464287696,0.04079027692990732,0.0200344081247572,0.5113314447592068,12.535620820566187,1.0,0.018436209805621037,1.9629045347463345,0.9577529126832622,0.33425925925925926,0.4905508738206519,0.5012439536721204
['ALARM CLOCK BAKELIKE GREEN'],['ALARM CLOCK BAKELIKE RED '],0.048615350463399744,0.051612187135801096,0.031244797158554858,0.6426940639269406,12.452370255805961,1.0,0.028735652592765316,2.6542738788148186,0.9666899756297176,0.4529364440868866,0.6232491273860111,0.624035204006481
['ALARM CLOCK BAKELIKE RED '],['ALARM CLOCK BAKELIKE GREEN'],0.051612187135801096,0.048615350463399744,0.031244797158554858,0.6053763440860215,12.45237025580596,1.0,0.028735652592765316,2.4108657331581425,0.9697446458084293,0.4529364440868866,0.5852112433113237,0.624035204006481
['CHARLOTTE BAG SUKI DESIGN'],['RED RETROSPOT CHARLOTTE BAG'],0.044619568233531276,0.050113768799600424,0.026361063322048947,0.5907960199004975,11.789095772521664,1.0,0.024125008595655764,2.321302522447177,0.9579177278077563,0.38555194805194803,0.5692073780431797,0.5584101915670815
['RED RETROSPOT CHARLOTTE BAG'],['CHARLOTTE BAG SUKI DESIGN'],0.050113768799600424,0.044619568233531276,0.026361063322048947,0.5260243632336655,11.789095772521664,1.0,0.024125008595655764,2.01567413524561,0.963458383045719,0.38555194805194803,0.5038880628003147,0.5584101915670815
['ALARM CLOCK BAKELIKE PINK'],['ALARM CLOCK BAKELIKE RED '],0.03640601587213497,0.051612187135801096,0.021810311338032077,0.5990853658536586,11.607440007867822,1.0,0.019931317233970503,2.3655604761935916,0.9483749114661212,0.3294216261525566,0.5772672015517043,0.5108330055074745
['ALARM CLOCK BAKELIKE RED '],['ALARM CLOCK BAKELIKE PINK'],0.051612187135801096,0.03640601587213497,0.021810311338032077,0.42258064516129035,11.60744000786782,1.0,0.019931317233970503,1.6687940507242356,0.9635808758725648,0.3294216261525566,0.40076488194213505,0.5108330055074745
"[""PAPER CHAIN KIT 50'S CHRISTMAS ""]",['PAPER CHAIN KIT VINTAGE CHRISTMAS'],0.062434097341694875,0.04439758033187191,0.02985737277318386,0.4782222222222222,10.771357777777778,1.0,0.027085449921008052,1.8314356424644704,0.9675705899413047,0.38788752703677,0.45398026727581287,0.5753611111111111
['PAPER CHAIN KIT VINTAGE CHRISTMAS'],"[""PAPER CHAIN KIT 50'S CHRISTMAS ""]",0.04439758033187191,0.062434097341694875,0.02985737277318386,0.6725,10.771357777777778,1.0,0.027085449921008052,2.862796649338336,0.949308179712434,0.38788752703677,0.6506912217355274,0.5753611111111111
['WOODEN FRAME ANTIQUE WHITE '],['WOODEN PICTURE FRAME WHITE FINISH'],0.05227815084077918,0.05971474554636772,0.029302403019035462,0.5605095541401274,9.386451353207208,1.0,0.026180626543943705,2.139489636945221,0.9427486198874616,0.3543624161073825,0.5325988110754267,0.5256079369213649
['WOODEN PICTURE FRAME WHITE FINISH'],['WOODEN FRAME ANTIQUE WHITE '],0.05971474554636772,0.05227815084077918,0.029302403019035462,0.49070631970260226,9.386451353207208,1.0,0.026180626543943705,1.8608553096629958,0.9502046970322955,0.3543624161073825,0.46261270566968377,0.5256079369213649
['JUMBO STORAGE BAG SUKI'],"['JUMBO BAG RED RETROSPOT', 'JUMBO SHOPPER VINTAGE RED PAISLEY']",0.06271158221876907,0.03646151284754981,0.02131083855929852,0.3398230088495576,9.320046874368611,1.0,0.019024279398538693,1.459515402791245,0.9524329815264372,0.2736992159657876,0.314841078012912,0.46214894734715317
"['JUMBO BAG RED RETROSPOT', 'JUMBO SHOPPER VINTAGE RED PAISLEY']",['JUMBO STORAGE BAG SUKI'],0.03646151284754981,0.06271158221876907,0.02131083855929852,0.5844748858447488,9.320046874368611,1.0,0.019024279398538693,2.2556721263086765,0.9264854639442461,0.2736992159657876,0.5566731581524382,0.46214894734715317
['JUMBO BAG WOODLAND ANIMALS'],['JUMBO STORAGE BAG SUKI'],0.04079027692990732,0.06271158221876907,0.023586214551306953,0.5782312925170068,9.22048642465836,1.0,0.021028191745890712,2.2222806034490477,0.9294587309582477,0.2951388888888889,0.5500118218878528,0.47716874360363615
['JUMBO STORAGE BAG SUKI'],['JUMBO BAG WOODLAND ANIMALS'],0.06271158221876907,0.04079027692990732,0.023586214551306953,0.37610619469026546,9.22048642465836,1.0,0.021028191745890712,1.537456719247099,0.9511969155001689,0.2951388888888889,0.34957518642234975,0.47716874360363615
['JUMBO BAG PINK POLKADOT'],"['JUMBO BAG RED RETROSPOT', 'JUMBO STORAGE BAG SUKI']",0.06432099450579944,0.038736888839558246,0.022476275043010155,0.34943917169974115,9.020837299222974,1.0,0.019984679828789164,1.4775914400994057,0.9502677093859379,0.27892561983471076,0.32322293371385236,0.4648341990303863
"['JUMBO BAG RED RETROSPOT', 'JUMBO STORAGE BAG SUKI']",['JUMBO BAG PINK POLKADOT'],0.038736888839558246,0.06432099450579944,0.022476275043010155,0.5802292263610315,9.020837299222974,1.0,0.019984679828789164,2.2290237059213376,0.924976247344086,0.27892561983471076,0.5513730978528723,0.4648341990303863
['JUMBO STORAGE BAG SUKI'],['DOTCOM POSTAGE'],0.06271158221876907,0.03918086464287696,0.021921305288861756,0.3495575221238938,8.921638797663515,1.0,0.019464211274407516,1.4771777183041483,0.9473209661595331,0.2741151977793199,0.32303338480624055,0.4545238035548647
['DOTCOM POSTAGE'],['JUMBO STORAGE BAG SUKI'],0.03918086464287696,0.06271158221876907,0.021921305288861756,0.5594900849858356,8.921638797663515,1.0,0.019464211274407516,2.127735122037135,0.9241208223570933,0.2741151977793199,0.5300166878654611,0.4545238035548647
['JUMBO BAG APPLES'],['JUMBO BAG ALPHABET'],0.0491148232421333,0.04706143515178423,0.02036738997724624,0.41468926553672314,8.811657872295063,1.0,0.018055975908245238,1.6280900190939593,0.9323039201498432,0.2686676427525622,0.3857833484192076,0.4237361422023238
['JUMBO BAG ALPHABET'],['JUMBO BAG APPLES'],0.04706143515178423,0.0491148232421333,0.02036738997724624,0.4327830188679245,8.811657872295063,1.0,0.018055975908245238,1.6764046359473406,0.9302949955068087,0.2686676427525622,0.40348530506484953,0.4237361422023238
"['JUMBO BAG RED RETROSPOT', 'JUMBO STORAGE BAG SUKI']",['JUMBO SHOPPER VINTAGE RED PAISLEY'],0.038736888839558246,0.06287807314501359,0.02131083855929852,0.5501432664756447,8.749365859333313,1.0,0.018875137629434515,2.08315638517446,0.9213980981660027,0.2653766413268832,0.519959227681194,0.4445332395926326
['JUMBO SHOPPER VINTAGE RED PAISLEY'],"['JUMBO BAG RED RETROSPOT', 'JUMBO STORAGE BAG SUKI']",0.06287807314501359,0.038736888839558246,0.02131083855929852,0.3389232127096205,8.749365859333311,1.0,0.018875137629434515,1.4540869224896935,0.9451342211496703,0.2653766413268832,0.312283203614956,0.4445332395926326
['PACK OF 72 RETROSPOT CAKE CASES'],['60 TEATIME FAIRY CAKE CASES'],0.06265608524335424,0.04178922248737444,0.022698262944669517,0.3622674933569531,8.668921597342546,1.0,0.02007991385824709,1.502527733071881,0.9437788885655928,0.27766463000678887,0.3344548802733081,0.4527140919640011
['60 TEATIME FAIRY CAKE CASES'],['PACK OF 72 RETROSPOT CAKE CASES'],0.04178922248737444,0.06265608524335424,0.022698262944669517,0.5431606905710491,8.668921597342544,1.0,0.02007991385824709,2.0518022320109135,0.9232263076493028,0.27766463000678887,0.5126235928596645,0.4527140919640011
"['JUMBO BAG RED RETROSPOT', 'JUMBO SHOPPER VINTAGE RED PAISLEY']",['JUMBO BAG PINK POLKADOT'],0.03646151284754981,0.06432099450579944,0.0203118930018314,0.5570776255707762,8.660898822398462,1.0,0.017966652234291013,2.112512393847731,0.9180105978573897,0.2524137931034483,0.5266299961542003,0.43643354962749337
['JUMBO BAG PINK POLKADOT'],"['JUMBO BAG RED RETROSPOT', 'JUMBO SHOPPER VINTAGE RED PAISLEY']",0.06432099450579944,0.03646151284754981,0.0203118930018314,0.3157894736842105,8.660898822398462,1.0,0.017966652234291013,1.4082485581458886,0.945344009489917,0.2524137931034483,0.2898980835339125,0.43643354962749337
['JUMBO STORAGE BAG SKULLS'],['JUMBO STORAGE BAG SUKI'],0.03795993118375048,0.06271158221876907,0.02025639602641656,0.5336257309941521,8.509205351135954,1.0,0.017875868680967976,2.009734413048157,0.9173008917741051,0.25189786059351277,0.502421815784453,0.4283172902758371
['JUMBO STORAGE BAG SUKI'],['JUMBO STORAGE BAG SKULLS'],0.06271158221876907,0.03795993118375048,0.02025639602641656,0.3230088495575221,8.509205351135952,1.0,0.017875868680967976,1.421052650669754,0.9415247177988105,0.25189786059351277,0.2962963057500428,0.4283172902758371
['JUMBO BAG PINK POLKADOT'],['JUMBO BAG WOODLAND ANIMALS'],0.06432099450579944,0.04079027692990732,0.022032299239691435,0.34253666954270917,8.397507821074935,1.0,0.01940862806139283,1.4589554711787893,0.9414735665773252,0.2651970607882431,0.3145781212965793,0.4413363619822389
['JUMBO BAG WOODLAND ANIMALS'],['JUMBO BAG PINK POLKADOT'],0.04079027692990732,0.06432099450579944,0.022032299239691435,0.5401360544217687,8.397507821074935,1.0,0.01940862806139283,2.0346865947876847,0.918377941014447,0.2651970607882431,0.5085238175934668,0.4413363619822389
['LUNCH BAG WOODLAND'],['LUNCH BAG SPACEBOY DESIGN '],0.0482823686109107,0.05760586048060381,0.023253232698817915,0.4816091954022989,8.360420127123337,1.0,0.02047188530894471,1.8179221760130264,0.9250525125076005,0.2813969106783076,0.44992144702632497,0.4426350408610724
['LUNCH BAG SPACEBOY DESIGN '],['LUNCH BAG WOODLAND'],0.05760586048060381,0.0482823686109107,0.023253232698817915,0.40366088631984587,8.360420127123337,1.0,0.02047188530894471,1.595933604817245,0.934204436546307,0.2813969106783076,0.3734075170912183,0.4426350408610724
"['JUMBO BAG RED RETROSPOT', 'JUMBO BAG PINK POLKADOT']",['JUMBO STORAGE BAG SUKI'],0.04356512570064931,0.06271158221876907,0.022476275043010155,0.5159235668789809,8.226926328842794,1.0,0.019744237080762877,1.9362405472585955,0.9184607802262826,0.2682119205298013,0.4835352449281992,0.4371653232624993
['JUMBO STORAGE BAG SUKI'],"['JUMBO BAG RED RETROSPOT', 'JUMBO BAG PINK POLKADOT']",0.06271158221876907,0.04356512570064931,0.022476275043010155,0.3584070796460177,8.226926328842794,1.0,0.019744237080762877,1.490719183390712,0.9372226352312011,0.2682119205298013,0.3291828460103048,0.4371653232624993
['HEART OF WICKER SMALL'],['HEART OF WICKER LARGE'],0.06459847938287364,0.050724235529163664,0.026805039125367667,0.4149484536082474,8.180477227097384,1.0,0.02352833064232496,1.6225506458796672,0.9383753645912984,0.30282131661442,0.3836864183318919,0.4716974215524825
['HEART OF WICKER LARGE'],['HEART OF WICKER SMALL'],0.050724235529163664,0.06459847938287364,0.026805039125367667,0.5284463894967176,8.180477227097384,1.0,0.02352833064232496,1.9836589091509358,0.9246604367253045,0.30282131661442,0.4958810734109377,0.4716974215524825
['DOTCOM POSTAGE'],['JUMBO SHOPPER VINTAGE RED PAISLEY'],0.03918086464287696,0.06287807314501359,0.02014540207558688,0.5141643059490085,8.177163838389395,1.0,0.017681784802687187,1.928886531660701,0.9134999273623429,0.24593495934959353,0.4815661867165217,0.4172763277317858
['JUMBO SHOPPER VINTAGE RED PAISLEY'],['DOTCOM POSTAGE'],0.06287807314501359,0.03918086464287696,0.02014540207558688,0.32038834951456313,8.177163838389395,1.0,0.017681784802687187,1.413776727739767,0.9365998011621605,0.24593495934959353,0.29267473400929434,0.4172763277317858
['JUMBO BAG WOODLAND ANIMALS'],['JUMBO SHOPPER VINTAGE RED PAISLEY'],0.04079027692990732,0.06287807314501359,0.02075586880515012,0.508843537414966,8.092543425137046,1.0,0.018191054788746046,1.9079906266992106,0.9136995112787072,0.25033467202141907,0.47588841055787473,0.41947031239680344
['JUMBO SHOPPER VINTAGE RED PAISLEY'],['JUMBO BAG WOODLAND ANIMALS'],0.06287807314501359,0.04079027692990732,0.02075586880515012,0.3300970873786408,8.092543425137046,1.0,0.018191054788746046,1.4318637895104283,0.9352352453476949,0.25033467202141907,0.3016095474123888,0.41947031239680344
['LUNCH BAG APPLE DESIGN'],['LUNCH BAG SUKI DESIGN '],0.0507797325045785,0.05666241189855153,0.023197735723403074,0.4568306010928962,8.062321842402445,1.0,0.020320433604130383,1.7367281551565903,0.9228271682160585,0.2753623188405797,0.42420464766989624,0.43311657380795643
['LUNCH BAG SUKI DESIGN '],['LUNCH BAG APPLE DESIGN'],0.05666241189855153,0.0507797325045785,0.023197735723403074,0.40940254652301666,8.062321842402445,1.0,0.020320433604130383,1.6072203865884336,0.9285819440620934,0.2753623188405797,0.3778077926682786,0.43311657380795643
['LUNCH BAG PINK POLKADOT'],['LUNCH BAG CARS BLUE'],0.05582995726732893,0.05910427881680448,0.026083578444974748,0.46719681908548705,7.904619232959053,1.0,0.022783789084316258,1.7659348796833856,0.9251423504679149,0.2935665209244222,0.4337277033798155,0.4542556865380487
['LUNCH BAG CARS BLUE'],['LUNCH BAG PINK POLKADOT'],0.05910427881680448,0.05582995726732893,0.026083578444974748,0.4413145539906103,7.904619232959053,1.0,0.022783789084316258,1.6899850344710832,0.9283618502129667,0.2935665209244222,0.40827878377457283,0.4542556865380487
['LUNCH BAG CARS BLUE'],['LUNCH BAG WOODLAND'],0.05910427881680448,0.0482823686109107,0.022476275043010155,0.38028169014084506,7.876202039825158,1.0,0.01962258046669516,1.535726177923303,0.927876738363939,0.2647058823529412,0.34884225171426253,0.4228994657600777
['LUNCH BAG WOODLAND'],['LUNCH BAG CARS BLUE'],0.0482823686109107,0.05910427881680448,0.022476275043010155,0.46551724137931033,7.876202039825158,1.0,0.01962258046669516,1.7603855428588817,0.917325921174542,0.2647058823529412,0.431942619583213,0.4228994657600777
['JUMBO BAG PINK VINTAGE PAISLEY'],['JUMBO SHOPPER VINTAGE RED PAISLEY'],0.04523003496309451,0.06287807314501359,0.022254287141350797,0.49202453987730066,7.825057532258677,1.0,0.019410309694589817,1.844817319774913,0.9135241412859388,0.2592113768584357,0.45794090868465476,0.4229760828247933
['JUMBO SHOPPER VINTAGE RED PAISLEY'],['JUMBO BAG PINK VINTAGE PAISLEY'],0.06287807314501359,0.04523003496309451,0.022254287141350797,0.353927625772286,7.825057532258676,1.0,0.019410309694589817,1.477806516921877,0.930727781990009,0.2592113768584357,0.32332143041099864,0.4229760828247933
['PACK OF 60 PINK PAISLEY CAKE CASES'],['PACK OF 72 RETROSPOT CAKE CASES'],0.043343137798989954,0.06265608524335424,0.02103335368222432,0.48527528809218956,7.745062370357098,1.0,0.018317642345576354,1.8210587000620408,0.9103425854580953,0.24755062050947096,0.45086888194986163,0.4104852968361745
['PACK OF 72 RETROSPOT CAKE CASES'],['PACK OF 60 PINK PAISLEY CAKE CASES'],0.06265608524335424,0.043343137798989954,0.02103335368222432,0.3356953055801594,7.745062370357097,1.0,0.018317642345576354,1.4400874632332539,0.9290992000074983,0.24755062050947096,0.3055977324079877,0.4104852968361745
['LUNCH BAG PINK POLKADOT'],['LUNCH BAG  BLACK SKULL.'],0.05582995726732893,0.06748432210444531,0.028969421166546425,0.5188866799204772,7.688995958459768,1.0,0.025201774347240583,1.93824539661762,0.9213848864278456,0.3070588235294118,0.4840694569712003,0.47408149785497544
['LUNCH BAG  BLACK SKULL.'],['LUNCH BAG PINK POLKADOT'],0.06748432210444531,0.05582995726732893,0.028969421166546425,0.4292763157894737,7.688995958459768,1.0,0.025201774347240583,1.65433828813102,0.9329001412126963,0.3070588235294118,0.39552870946984814,0.47408149785497544
['JAM MAKING SET WITH JARS'],['JAM MAKING SET PRINTED'],0.055441478439425054,0.05594095121815861,0.023308729674232753,0.4204204204204204,7.515432098765431,1.0,0.020207280633390286,1.6288687214733326,0.9178260869565218,0.2646502835538752,0.38607698286729497,0.4185435435435435
['JAM MAKING SET PRINTED'],['JAM MAKING SET WITH JARS'],0.05594095121815861,0.055441478439425054,0.023308729674232753,0.41666666666666663,7.515432098765431,1.0,0.020207280633390286,1.6192431798181284,0.9183116806772089,0.2646502835538752,0.382427536231884,0.4185435435435435
"['JUMBO BAG PINK POLKADOT', 'JUMBO SHOPPER VINTAGE RED PAISLEY']",['JUMBO BAG RED RETROSPOT'],0.02519562683833731,0.10738664742771518,0.0203118930018314,0.8061674008810572,7.507147491718745,1.0,0.017606219105822593,4.605073432588831,0.8891975006183123,0.1809194265941671,0.7828481967468148,0.49765734385138133
['LUNCH BAG PINK POLKADOT'],['LUNCH BAG WOODLAND'],0.05582995726732893,0.0482823686109107,0.02020089905100172,0.36182902584493043,7.494019789310117,1.0,0.017505296474689153,1.491320774419663,0.9178010609856846,0.2407407407407408,0.32945345015451644,0.3901099152213158
['LUNCH BAG WOODLAND'],['LUNCH BAG PINK POLKADOT'],0.0482823686109107,0.05582995726732893,0.02020089905100172,0.41839080459770117,7.494019789310117,1.0,0.017505296474689153,1.6233753699158573,0.9105224474050645,0.2407407407407408,0.38399952436642437,0.3901099152213158
"['JUMBO STORAGE BAG SUKI', 'JUMBO BAG PINK POLKADOT']",['JUMBO BAG RED RETROSPOT'],0.028025972584494144,0.10738664742771518,0.022476275043010155,0.801980198019802,7.4681556527745805,1.0,0.01946665980626027,4.5076974304900395,0.8910712699681526,0.19901719901719903,0.7781572487017416,0.5056412618005987
['JUMBO SHOPPER VINTAGE RED PAISLEY'],"['JUMBO BAG RED RETROSPOT', 'JUMBO BAG PINK POLKADOT']",0.06287807314501359,0.04356512570064931,0.0203118930018314,0.32303618711385707,7.415017905228778,1.0,0.01757260184145426,1.4128301337433695,0.923186763827376,0.2358247422680413,0.2922008271790989,0.3946391126652088
"['JUMBO BAG RED RETROSPOT', 'JUMBO BAG PINK POLKADOT']",['JUMBO SHOPPER VINTAGE RED PAISLEY'],0.04356512570064931,0.06287807314501359,0.0203118930018314,0.4662420382165605,7.415017905228777,1.0,0.01757260184145426,1.7557057579502728,0.9045451835899426,0.2358247422680413,0.4304284784214263,0.3946391126652088
['LUNCH BAG CARS BLUE'],['LUNCH BAG SPACEBOY DESIGN '],0.05910427881680448,0.05760586048060381,0.02519562683833731,0.4262910798122066,7.400133879707274,1.0,0.021790873999009766,1.6426346294405187,0.9191957091461269,0.27531837477258947,0.3912218931238532,0.4318353279600532
['LUNCH BAG SPACEBOY DESIGN '],['LUNCH BAG CARS BLUE'],0.05760586048060381,0.05910427881680448,0.02519562683833731,0.4373795761078998,7.4001338797072735,1.0,0.021790873999009766,1.6723454770345152,0.9177341766011093,0.27531837477258947,0.4020374296265334,0.4318353279600532
['LUNCH BAG CARS BLUE'],['LUNCH BAG SUKI DESIGN '],0.05910427881680448,0.05666241189855153,0.024640657084188913,0.4169014084507043,7.357636120345975,1.0,0.021291666092904303,1.6178011776619048,0.9183661513347723,0.2704019488428746,0.3818770725304883,0.4258845925701122
['LUNCH BAG SUKI DESIGN '],['LUNCH BAG CARS BLUE'],0.05666241189855153,0.05910427881680448,0.024640657084188913,0.4348677766895201,7.357636120345974,1.0,0.021291666092904303,1.6649125326309233,0.9159889239751576,0.2704019488428746,0.39936784641786377,0.4258845925701122
['JUMBO STORAGE BAG SUKI'],['JUMBO  BAG BAROQUE BLACK WHITE'],0.06271158221876907,0.0505022476275043,0.023253232698817915,0.3707964601769912,7.342177380141983,1.0,0.020086156844493046,1.5090470607326585,0.921595321749155,0.2584824182603332,0.3373301429615526,0.41561801030827583
['JUMBO  BAG BAROQUE BLACK WHITE'],['JUMBO STORAGE BAG SUKI'],0.0505022476275043,0.06271158221876907,0.023253232698817915,0.46043956043956047,7.342177380141982,1.0,0.020086156844493046,1.7371333201240737,0.9097447769607506,0.2584824182603332,0.42433894484933626,0.41561801030827583
['LUNCH BAG  BLACK SKULL.'],['LUNCH BAG SUKI DESIGN '],0.06748432210444531,0.05666241189855153,0.027692990732005106,0.41036184210526316,7.242223342698077,1.0,0.0238691662762285,1.5998584478819546,0.924296369922491,0.28711162255466055,0.3749447013116094,0.44954918745811645
['LUNCH BAG SUKI DESIGN '],['LUNCH BAG  BLACK SKULL.'],0.05666241189855153,0.06748432210444531,0.027692990732005106,0.4887365328109697,7.242223342698077,1.0,0.0238691662762285,1.82394350025165,0.9136928993886112,0.28711162255466055,0.45173740312568367,0.44954918745811645
['JUMBO SHOPPER VINTAGE RED PAISLEY'],['JUMBO  BAG BAROQUE BLACK WHITE'],0.06287807314501359,0.0505022476275043,0.022975747821743716,0.3654015887025596,7.2353529965180465,1.0,0.01980026380143391,1.4962182940723752,0.9196132519235269,0.25414364640883985,0.33164832701101304,0.4101733218238073
['JUMBO  BAG BAROQUE BLACK WHITE'],['JUMBO SHOPPER VINTAGE RED PAISLEY'],0.0505022476275043,0.06287807314501359,0.022975747821743716,0.454945054945055,7.2353529965180465,1.0,0.01980026380143391,1.7193164383831405,0.9076269432451152,0.25414364640883985,0.4183735014245497,0.4101733218238073
['LUNCH BAG SUKI DESIGN '],['LUNCH BAG SPACEBOY DESIGN '],0.05666241189855153,0.05760586048060381,0.023586214551306953,0.41625857002938293,7.2259760822345385,1.0,0.02032212755698449,1.6144033833042004,0.9133637867430769,0.26009791921664627,0.38057612468991525,0.412849901585019
['LUNCH BAG SPACEBOY DESIGN '],['LUNCH BAG SUKI DESIGN '],0.05760586048060381,0.05666241189855153,0.023586214551306953,0.40944123314065506,7.2259760822345385,1.0,0.02032212755698449,1.5973644640282276,0.9142781724903611,0.26009791921664627,0.3739687951501037,0.412849901585019
['SET OF 6 SPICE TINS PANTRY DESIGN'],['SET OF 3 CAKE TINS PANTRY DESIGN '],0.042732671069426714,0.06887174648981631,0.021255341583883678,0.4974025974025974,7.2221574557593895,1.0,0.018312267895157414,1.8526324423846032,0.8999964730993599,0.23525798525798525,0.4602275242935632,0.4030123381855856
['SET OF 3 CAKE TINS PANTRY DESIGN '],['SET OF 6 SPICE TINS PANTRY DESIGN'],0.06887174648981631,0.042732671069426714,0.021255341583883678,0.3086220789685737,7.222157455759389,1.0,0.018312267895157414,1.3845789687678802,0.9252616023656491,0.23525798525798525,0.27775878259230846,0.4030123381855856
['JUMBO STORAGE BAG SUKI'],['JUMBO SHOPPER VINTAGE RED PAISLEY'],0.06271158221876907,0.06287807314501359,0.028469948387812864,0.4539823008849558,7.22004155308563,1.0,0.024526764934021568,1.7162848903502992,0.9191371894252311,0.29314285714285715,0.4173461494519731,0.4533812651821072
['JUMBO SHOPPER VINTAGE RED PAISLEY'],['JUMBO STORAGE BAG SUKI'],0.06287807314501359,0.06271158221876907,0.028469948387812864,0.4527802294792586,7.22004155308563,1.0,0.024526764934021568,1.7128189957195723,0.9193004851476211,0.29314285714285715,0.4161671475508769,0.4533812651821072
['LUNCH BAG WOODLAND'],['LUNCH BAG  BLACK SKULL.'],0.0482823686109107,0.06748432210444531,0.023364226649647594,0.48390804597701154,7.170673585904416,1.0,0.020105923734343337,1.8068789304435025,0.9042000052910574,0.2528528528528528,0.44655948821399577,0.4150625756200847
['LUNCH BAG  BLACK SKULL.'],['LUNCH BAG WOODLAND'],0.06748432210444531,0.0482823686109107,0.023364226649647594,0.34621710526315785,7.1706735859044155,1.0,0.020105923734343337,1.455708980841676,0.9228188948840291,0.2528528528528528,0.31304950841080187,0.4150625756200847
['LUNCH BAG RED RETROSPOT'],['LUNCH BAG PINK POLKADOT'],0.07725178977745713,0.05582995726732893,0.0307453243798213,0.39798850574712646,7.128583384748978,1.0,0.02643236025772119,1.5683588299330287,0.931694762053543,0.3004338394793926,0.3623908120294758,0.4743421653984141
['LUNCH BAG PINK POLKADOT'],['LUNCH BAG RED RETROSPOT'],0.05582995726732893,0.07725178977745713,0.0307453243798213,0.5506958250497018,7.128583384748978,1.0,0.02643236025772119,2.053727211247518,0.9105559753520402,0.3004338394793926,0.5130804156835616,0.4743421653984141
['LUNCH BAG CARS BLUE'],['LUNCH BAG  BLACK SKULL.'],0.05910427881680448,0.06748432210444531,0.027914978633664465,0.4723004694835681,6.998669539164813,1.0,0.023926366444240288,1.7671338024177325,0.9109571660517021,0.28290213723284585,0.43411189428223607,0.4429758926365208
['LUNCH BAG  BLACK SKULL.'],['LUNCH BAG CARS BLUE'],0.06748432210444531,0.05910427881680448,0.027914978633664465,0.4136513157894736,6.998669539164813,1.0,0.023926366444240288,1.6046692804470768,0.9191434739772991,0.28290213723284585,0.3768186303651366,0.4429758926365208
"['JUMBO STORAGE BAG SUKI', 'JUMBO SHOPPER VINTAGE RED PAISLEY']",['JUMBO BAG RED RETROSPOT'],0.028469948387812864,0.10738664742771518,0.02131083855929852,0.7485380116959065,6.970494280490201,1.0,0.01825354624949121,3.5496949602293197,0.8816383489946306,0.18604651162790697,0.7182856523718316,0.47349381204950364
['JUMBO  BAG BAROQUE BLACK WHITE'],['JUMBO BAG PINK POLKADOT'],0.0505022476275043,0.06432099450579944,0.022587268993839837,0.44725274725274733,6.953448880713765,1.0,0.01933891420166061,1.6927791153075997,0.9017256460707277,0.24488567990373047,0.4092554716931942,0.39920877224587326
['JUMBO BAG PINK POLKADOT'],['JUMBO  BAG BAROQUE BLACK WHITE'],0.06432099450579944,0.0505022476275043,0.022587268993839837,0.3511647972389991,6.953448880713764,1.0,0.01933891420166061,1.4633881582443116,0.9150429465376084,0.24488567990373047,0.3166543036676326,0.39920877224587326
['JUMBO STORAGE BAG SUKI'],['JUMBO BAG PINK POLKADOT'],0.06271158221876907,0.06432099450579944,0.028025972584494144,0.4469026548672566,6.948005986240808,1.0,0.023992301249150708,1.6917076419335144,0.9133515340994693,0.2830717488789237,0.4088813130517851,0.4413115517649484
['JUMBO BAG PINK POLKADOT'],['JUMBO STORAGE BAG SUKI'],0.06432099450579944,0.06271158221876907,0.028025972584494144,0.43572044866264015,6.948005986240808,1.0,0.023992301249150708,1.661035590532793,0.9149225420762717,0.2830717488789237,0.3979659402245315,0.4413115517649484
['JUMBO BAG PINK VINTAGE PAISLEY'],['JUMBO BAG PINK POLKADOT'],0.04523003496309451,0.06432099450579944,0.02020089905100172,0.4466257668711657,6.943701202115215,1.0,0.017291658220643404,1.6908611740083672,0.8965348909402618,0.22608695652173916,0.40858539105880987,0.3803448075080591
['JUMBO BAG PINK POLKADOT'],['JUMBO BAG PINK VINTAGE PAISLEY'],0.06432099450579944,0.04523003496309451,0.02020089905100172,0.31406384814495253,6.943701202115214,1.0,0.017291658220643404,1.3919225024877653,0.9148271805300277,0.22608695652173916,0.28156919784491397,0.3803448075080591
['LUNCH BAG  BLACK SKULL.'],['LUNCH BAG SPACEBOY DESIGN '],0.06748432210444531,0.05760586048060381,0.026805039125367667,0.397203947368421,6.895200315637359,1.0,0.022917546681590864,1.5633714510990255,0.9168441896836672,0.2727272727272727,0.360356747401895,0.4312609332217827
['LUNCH BAG SPACEBOY DESIGN '],['LUNCH BAG  BLACK SKULL.'],0.05760586048060381,0.06748432210444531,0.026805039125367667,0.46531791907514447,6.895200315637358,1.0,0.022917546681590864,1.744056348928983,0.907233550394833,0.2727272727272727,0.426624030459741,0.4312609332217827
['LUNCH BAG PINK POLKADOT'],['LUNCH BAG SUKI DESIGN '],0.05582995726732893,0.05666241189855153,0.021643820411787557,0.38767395626242546,6.8418188226176735,1.0,0.018480360376827633,1.5405805416072356,0.9043286657111379,0.23824068417837507,0.3508940474110274,0.38482620437998843
['LUNCH BAG SUKI DESIGN '],['LUNCH BAG PINK POLKADOT'],0.05666241189855153,0.05582995726732893,0.021643820411787557,0.3819784524975514,6.841818822617673,1.0,0.018480360376827633,1.5277299740571426,0.9051266966551116,0.23824068417837507,0.345434064277516,0.38482620437998843
['LUNCH BAG SPACEBOY DESIGN '],['LUNCH BAG PINK POLKADOT'],0.05760586048060381,0.05582995726732893,0.021865808313446918,0.37957610789980734,6.798789153326669,1.0,0.018649675584467094,1.5218144477585598,0.9050512412050853,0.2387878787878788,0.34288966603459875,0.38561310365169293
['LUNCH BAG PINK POLKADOT'],['LUNCH BAG SPACEBOY DESIGN '],0.05582995726732893,0.05760586048060381,0.021865808313446918,0.39165009940357853,6.798789153326668,1.0,0.018649675584467094,1.549098863327635,0.9033489171165316,0.2387878787878788,0.3544634085833038,0.38561310365169293
['LUNCH BAG WOODLAND'],['LUNCH BAG RED RETROSPOT'],0.0482823686109107,0.07725178977745713,0.02530662078916699,0.5241379310344828,6.7847998414585815,1.0,0.02157672139927922,1.9391085577140394,0.8958662619578861,0.2524916943521594,0.48429911465149134,0.42586206896551726
['LUNCH BAG RED RETROSPOT'],['LUNCH BAG WOODLAND'],0.07725178977745713,0.0482823686109107,0.02530662078916699,0.3275862068965517,6.7847998414585815,1.0,0.02157672139927922,1.4153749389889019,0.9239917319008714,0.2524916943521594,0.2934734306413765,0.42586206896551726
['LUNCH BAG SUKI DESIGN '],['LUNCH BAG RED RETROSPOT'],0.05666241189855153,0.07725178977745713,0.028636439314057384,0.505386875612145,6.542073356074168,1.0,0.024259166581786798,1.8655958864103295,0.8980276749385017,0.272008434370058,0.46397823489837264,0.4380382653922794
['LUNCH BAG RED RETROSPOT'],['LUNCH BAG SUKI DESIGN '],0.07725178977745713,0.05666241189855153,0.028636439314057384,0.3706896551724138,6.542073356074167,1.0,0.024259166581786798,1.499002194791343,0.9180654609132527,0.272008434370058,0.3328895691582377,0.4380382653922794
['JUMBO STORAGE BAG SUKI'],['JUMBO BAG APPLES'],0.06271158221876907,0.0491148232421333,0.0200344081247572,0.3194690265486726,6.504533773311335,1.0,0.01695433984884785,1.3972695055089588,0.9028822543283677,0.21825876662636035,0.28431845391505384,0.36368931553422335
['JUMBO BAG APPLES'],['JUMBO STORAGE BAG SUKI'],0.0491148232421333,0.06271158221876907,0.0200344081247572,0.40790960451977404,6.504533773311335,1.0,0.01695433984884785,1.5830157437717356,0.8899718917562625,0.21825876662636035,0.36829434329100647,0.36368931553422335
['LUNCH BAG RED RETROSPOT'],['LUNCH BAG  BLACK SKULL.'],0.07725178977745713,0.06748432210444531,0.033686664076807815,0.43606321839080464,6.461696654756503,1.0,0.028473379412321004,1.6535819409307162,0.9160049022109193,0.30334832583708143,0.39525222473272087,0.467620424984876
['LUNCH BAG  BLACK SKULL.'],['LUNCH BAG RED RETROSPOT'],0.06748432210444531,0.07725178977745713,0.033686664076807815,0.49917763157894735,6.461696654756503,1.0,0.028473379412321004,1.8424660486545354,0.9064103736868986,0.30334832583708143,0.457249157600352,0.467620424984876
['LUNCH BAG APPLE DESIGN'],['LUNCH BAG  BLACK SKULL.'],0.0507797325045785,0.06748432210444531,0.022032299239691435,0.433879781420765,6.429341925510497,1.0,0.018605463414974887,1.6472043345066265,0.8896387016279721,0.2289504036908881,0.39291077673158153,0.38018002228932984
['LUNCH BAG  BLACK SKULL.'],['LUNCH BAG APPLE DESIGN'],0.06748432210444531,0.0507797325045785,0.022032299239691435,0.3264802631578947,6.429341925510497,1.0,0.018605463414974887,1.4093429124229946,0.905575215892688,0.2289504036908881,0.2904494774229481,0.38018002228932984
['DOTCOM POSTAGE'],['JUMBO BAG RED RETROSPOT'],0.03918086464287696,0.10738664742771518,0.026916033076197346,0.6869688385269122,6.397153230706166,1.0,0.022708531378879685,2.851515958896077,0.8780845809805039,0.22495361781076065,0.64930934477844,0.4688074166794768
['JUMBO BAG RED RETROSPOT'],['JUMBO BAG PINK POLKADOT'],0.10738664742771518,0.06432099450579944,0.04356512570064931,0.40568475452196384,6.307190329362611,1.0,0.036657909741455025,1.5743816309837202,0.9426822874178081,0.3399740147249891,0.36482998764716884,0.5414963893403606
['JUMBO BAG PINK POLKADOT'],['JUMBO BAG RED RETROSPOT'],0.06432099450579944,0.10738664742771518,0.04356512570064931,0.6773080241587575,6.30719032936261,1.0,0.036657909741455025,2.766146726286839,0.8992943007608557,0.3399740147249891,0.6384862775004135,0.5414963893403606
['JUMBO BAG SCANDINAVIAN BLUE PAISLEY'],['JUMBO BAG RED RETROSPOT'],0.03524057938842333,0.10738664742771518,0.023752705477551473,0.6740157480314961,6.27653217766384,1.0,0.01996833780361845,2.7382100429149805,0.8713844452520525,0.19981325863678806,0.6347979211501821,0.4476021892612261
['LUNCH BAG RED RETROSPOT'],['LUNCH BAG SPACEBOY DESIGN '],0.07725178977745713,0.05760586048060381,0.027803984682834786,0.3599137931034483,6.247867666600226,1.0,0.023353828859037654,1.4722925277340062,0.9102649935589218,0.25972006220839816,0.32078715257823653,0.42128637632051025
['LUNCH BAG SPACEBOY DESIGN '],['LUNCH BAG RED RETROSPOT'],0.05760586048060381,0.07725178977745713,0.027803984682834786,0.48265895953757226,6.247867666600226,1.0,0.023353828859037654,1.7836362052346362,0.891288855067675,0.25972006220839816,0.4393475546946241,0.42128637632051025
['JUMBO SHOPPER VINTAGE RED PAISLEY'],['JUMBO BAG PINK POLKADOT'],0.06287807314501359,0.06432099450579944,0.02519562683833731,0.40070609002647845,6.229786916468607,1.0,0.02115124664104164,1.5613023758835485,0.8958075166926595,0.24700761697497287,0.35950907687942557,0.39621154371902007
['JUMBO BAG PINK POLKADOT'],['JUMBO SHOPPER VINTAGE RED PAISLEY'],0.06432099450579944,0.06287807314501359,0.02519562683833731,0.3917169974115617,6.229786916468606,1.0,0.02115124664104164,1.5406018627303961,0.8971889517717822,0.24700761697497287,0.35090303069755596,0.39621154371902007
['LUNCH BAG RED RETROSPOT'],['LUNCH BAG CARS BLUE'],0.07725178977745713,0.05910427881680448,0.028247960486153505,0.3656609195402299,6.186708083751552,1.0,0.023682049164049514,1.4832693588754338,0.9085502868142487,0.26129363449691995,0.325813619747281,0.4217975959203497
['LUNCH BAG CARS BLUE'],['LUNCH BAG RED RETROSPOT'],0.05910427881680448,0.07725178977745713,0.028247960486153505,0.47793427230046953,6.186708083751552,1.0,0.023682049164049514,1.7674943235377847,0.8910266378943323,0.26129363449691995,0.4342273201769508,0.4217975959203497
['LUNCH BAG APPLE DESIGN'],['LUNCH BAG RED RETROSPOT'],0.0507797325045785,0.07725178977745713,0.023919196403795993,0.47103825136612026,6.097441272533133,1.0,0.01999637118339679,1.744451678416584,0.8807194800092895,0.2297441364605544,0.4267539695294474,0.39033234407386475
['LUNCH BAG RED RETROSPOT'],['LUNCH BAG APPLE DESIGN'],0.07725178977745713,0.0507797325045785,0.023919196403795993,0.3096264367816092,6.097441272533133,1.0,0.01999637118339679,1.3749371616583006,0.9059858053815414,0.2297441364605544,0.27269403439942796,0.39033234407386475
['JUMBO BAG STRAWBERRY'],['JUMBO BAG RED RETROSPOT'],0.04378711360230867,0.10738664742771518,0.028636439314057384,0.6539923954372624,6.090071820870301,1.0,0.02393428798376895,2.579750678313307,0.8740713871154963,0.23369565217391303,0.6123656412200964,0.4603295310519645
['JUMBO BAG WOODLAND ANIMALS'],['JUMBO BAG RED RETROSPOT'],0.04079027692990732,0.10738664742771518,0.02630556634663411,0.6448979591836735,6.005383114486105,1.0,0.021925235259483287,2.513681280232297,0.8689264820907021,0.21584699453551914,0.6021770906820824,0.4449295997468755
['JUMBO BAG SPACEBOY DESIGN'],['JUMBO BAG RED RETROSPOT'],0.034519118708030413,0.10738664742771518,0.021643820411787557,0.6270096463022508,5.838804556444577,1.0,0.01793692798157285,2.3931271780170738,0.85836196338007,0.17997231195200739,0.5821367083263029,0.414280016949575
['JUMBO  BAG BAROQUE BLACK WHITE'],['JUMBO BAG RED RETROSPOT'],0.0505022476275043,0.10738664742771518,0.031633275986458737,0.6263736263736264,5.832881846835336,1.0,0.026210008926176767,2.389053384825821,0.8726278259211065,0.2505494505494506,0.5814241714515278,0.4604736348922396
['JUMBO STORAGE BAG SUKI'],['JUMBO BAG RED RETROSPOT'],0.06271158221876907,0.10738664742771518,0.038736888839558246,0.6176991150442479,5.752103542109718,1.0,0.03200250227019712,2.334845112052505,0.8814261872692777,0.2948880439374737,0.5717060652811679,0.4892113146280671
['JUMBO BAG RED RETROSPOT'],['JUMBO STORAGE BAG SUKI'],0.10738664742771518,0.06271158221876907,0.038736888839558246,0.36072351421188636,5.752103542109717,1.0,0.03200250227019712,1.4661706454378998,0.9255413377761025,0.2948880439374737,0.3179511517901581,0.4892113146280671
['JUMBO BAG OWLS'],['JUMBO BAG RED RETROSPOT'],0.034241633830956214,0.10738664742771518,0.02053388090349076,0.59967585089141,5.584268298300938,1.0,0.01685678664393694,2.2297264718101197,0.8500319938373037,0.1695692025664528,0.5515144962206115,0.39544516058782386
['JUMBO BAG PINK VINTAGE PAISLEY'],['JUMBO BAG RED RETROSPOT'],0.04523003496309451,0.10738664742771518,0.027082524002441866,0.5987730061349693,5.575860877284761,1.0,0.022225422184716806,2.2247091203254192,0.8595321665567672,0.21573828470380196,0.5505030339185534,0.42548469428195496
['RED HANGING HEART T-LIGHT HOLDER'],['WHITE HANGING HEART T-LIGHT HOLDER'],0.03906987069204728,0.11998446084688384,0.02597258449414507,0.6647727272727273,5.540490181649988,1.0,0.021284807123802308,2.625131099846584,0.8528305332810098,0.19516263552960803,0.6190666439255391,0.4406194811201749
['JUMBO STORAGE BAG SKULLS'],['JUMBO BAG RED RETROSPOT'],0.03795993118375048,0.10738664742771518,0.022476275043010155,0.5921052631578948,5.513769889840882,1.0,0.01839988529660041,2.18834241275786,0.8509374098644361,0.1829268292682927,0.5430331221612849,0.4007037943696451
['JUMBO BAG RED RETROSPOT'],['JUMBO SHOPPER VINTAGE RED PAISLEY'],0.10738664742771518,0.06287807314501359,0.03646151284754981,0.33953488372093027,5.399893265461115,1.0,0.02970924737579215,1.4188817906607187,0.9128377388573007,0.2725010369141435,0.29521965354538926,0.4597056589831483
['JUMBO SHOPPER VINTAGE RED PAISLEY'],['JUMBO BAG RED RETROSPOT'],0.06287807314501359,0.10738664742771518,0.03646151284754981,0.5798764342453664,5.399893265461115,1.0,0.02970924737579215,2.124644807698317,0.8694825412638174,0.2725010369141435,0.5293330930531744,0.4597056589831483
['JUMBO BAG APPLES'],['JUMBO BAG RED RETROSPOT'],0.0491148232421333,0.10738664742771518,0.028192463510738664,0.5740112994350283,5.345276281405568,1.0,0.022918187303761144,2.0953920876033743,0.8549075651028623,0.2197231833910035,0.5227623479557184,0.4182717995883152
['RECYCLING BAG RETROSPOT '],['JUMBO BAG RED RETROSPOT'],0.03940285254453632,0.10738664742771518,0.022309784116765638,0.5661971830985916,5.272510099355825,1.0,0.018078443882919265,2.0576476633971503,0.8435763294567661,0.17922425323227825,0.5140081473671675,0.3869745605415439
['RECIPE BOX PANTRY YELLOW DESIGN'],['SET OF 3 CAKE TINS PANTRY DESIGN '],0.05699539375104057,0.06887174648981631,0.0205893778789056,0.36124634858812077,5.245203831756122,1.0,0.01666400556939667,1.4577267017606077,0.8582668996604076,0.1955719557195572,0.3140003549415513,0.33009940314176384
['GREEN REGENCY TEACUP AND SAUCER'],['REGENCY CAKESTAND 3 TIER'],0.05172318108663078,0.09351240357400521,0.02519562683833731,0.4871244635193133,5.2091962659670665,1.0,0.02035886785443294,1.767461171274115,0.8521054082128026,0.20989366620434582,0.43421670798056244,0.3782803326498644
['RED RETROSPOT CHARLOTTE BAG'],['LUNCH BAG RED RETROSPOT'],0.050113768799600424,0.07725178977745713,0.0200344081247572,0.3997785160575858,5.175006523593131,1.0,0.016163029792494378,1.5373461878799928,0.849326479443834,0.18665977249224405,0.34952842249603894,0.32955879825867795
['ROSES REGENCY TEACUP AND SAUCER '],['REGENCY CAKESTAND 3 TIER'],0.053055108496586935,0.09351240357400521,0.02519562683833731,0.4748953974895398,5.07842146431099,1.0,0.020234316120941842,1.7262990880144444,0.8480835855514456,0.20759030635573847,0.4207261030588967,0.37216579963497765
['SPOTTY BUNTING'],['PARTY BUNTING'],0.057716854431433484,0.08840668183583995,0.025084632887507632,0.4346153846153847,4.916092037278478,1.0,0.019982077301222402,1.6123419232835483,0.8453790132214338,0.2072443833104081,0.3797841601963118,0.35917837655125795
['JUMBO BAG VINTAGE LEAF'],['JUMBO BAG RED RETROSPOT'],0.04528553193850935,0.10738664742771518,0.022420778067595317,0.4950980392156863,4.610424583270001,1.0,0.01755771661573808,1.76789440703637,0.820245490223614,0.17213463996591394,0.4343553574127985,0.35194178446572427
['JUMBO BAG ALPHABET'],['JUMBO BAG RED RETROSPOT'],0.04706143515178423,0.10738664742771518,0.022032299239691435,0.46816037735849053,4.359577178099556,1.0,0.0169785294956045,1.678350605280039,0.808677479911285,0.1663872590108969,0.4041769360620891,0.3366641680074106
['RED RETROSPOT CHARLOTTE BAG'],['JUMBO BAG RED RETROSPOT'],0.050113768799600424,0.10738664742771518,0.021366335534713357,0.4263565891472868,3.970294253149851,1.0,0.015984785913356635,1.5560421957003343,0.7875990567039879,0.15695067264573992,0.35734390573520025,0.3126614987080103
['LUNCH BAG RED RETROSPOT'],['JUMBO BAG RED RETROSPOT'],0.07725178977745713,0.10738664742771518,0.029468893945279982,0.38146551724137934,3.552262095696338,1.0,0.02117308323328822,1.4431100891760982,0.7786406223082122,0.18991416309012876,0.3070521732885112,0.3279420609462711
['WOODEN PICTURE FRAME WHITE FINISH'],['WHITE HANGING HEART T-LIGHT HOLDER'],0.05971474554636772,0.11998446084688384,0.022420778067595317,0.37546468401486993,3.1292775861535342,1.0,0.015255936518605528,1.4090725001915967,0.7236500017823302,0.14255469301340862,0.290313309028438,0.28116434940799
['NATURAL SLATE HEART CHALKBOARD '],['WHITE HANGING HEART T-LIGHT HOLDER'],0.06765081303068983,0.11998446084688384,0.022753759920084354,0.3363412633305988,2.8032068565929973,1.0,0.014636713592743692,1.326006109057662,0.6899407665505226,0.1380006731740155,0.24585566147153057,0.2629902431361597
['LUNCH BAG  BLACK SKULL.'],['JUMBO BAG RED RETROSPOT'],0.06748432210444531,0.10738664742771518,0.02025639602641656,0.3001644736842105,2.795175013599891,1.0,0.013009480921688124,1.2754616177766138,0.6887183387832734,0.13101220387652548,0.2159701349984947,0.2443974823201414
['HEART OF WICKER SMALL'],['WHITE HANGING HEART T-LIGHT HOLDER'],0.06459847938287364,0.11998446084688384,0.020811365780564958,0.3221649484536082,2.685055599530789,1.0,0.013060552060282324,1.2982738752525058,0.6709078611687926,0.127075567604202,0.22974649720537088,0.24780772862088365
